author,editor,format_type,print_date,day_of_week_name,day_of_week_integer,publish_type,puzzle_id,title,version,percent_filled,solved,star,solving_seconds
Seth Bisen-Hersh,Will Shortz,Normal,2023-01-02,Monday,1,Daily,20772,,0,100,True,Gold,576
Margaret Seikel,Will Shortz,Normal,2023-01-03,Tuesday,2,Daily,20770,,0,100,True,,1719
Laura Breiman and Tom Bachant,Will Shortz,Normal,2023-01-04,Wednesday,3,Daily,20763,,0,100,True,,1585
Emily Carroll,Will Shortz,Normal,2023-01-05,Thursday,4,Daily,20776,,0,0,False,,
Erica Hsiung Wojcik,Will Shortz,Normal,2023-01-06,Friday,5,Daily,20788,,0,0,False,,
Adam Aaronson,Will Shortz,Normal,2023-01-07,Saturday,6,Daily,20778,,0,0,False,,
Wyna Liu,Will Shortz,Normal,2023-01-08,Sunday,0,Daily,20771,Do You Hear That?,0,0,False,,
Andrea Carla Michaels and Kevin Christian,Will Shortz,Normal,2023-01-09,Monday,1,Daily,20786,,0,100,True,,754
Emily Rourke,Will Shortz,Normal,2023-01-10,Tuesday,2,Daily,20780,,0,100,True,,916
Victor Barocas,Will Shortz,Normal,2023-01-11,Wednesday,3,Daily,20787,,0,100,True,,1394
Grant Thackray,Will Shortz,Normal,2023-01-12,Thursday,4,Daily,20782,,0,0,False,,
Brad Wiegmann,Will Shortz,Normal,2023-01-13,Friday,5,Daily,20781,,0,0,False,,
David Karp,Will Shortz,Normal,2023-01-14,Saturday,6,Daily,20769,,0,0,False,,
Michael Schlossberg,Will Shortz,Normal,2023-01-15,Sunday,0,Daily,20779,Abridged Too Far,0,0,False,,
Michael Paleos,Will Shortz,Normal,2023-01-16,Monday,1,Daily,20793,,0,100,True,Gold,843
Erika Ettin,Will Shortz,Normal,2023-01-17,Tuesday,2,Daily,20807,,0,100,True,Gold,1176
Lindsay McBride,Will Shortz,Normal,2023-01-18,Wednesday,3,Daily,20792,,0,100,True,Gold,1400
Daniel Bodily,Will Shortz,Normal,2023-01-19,Thursday,4,Daily,20797,,0,100,True,,2305
Robert S. Greenfield,Will Shortz,Normal,2023-01-20,Friday,5,Daily,20798,,0,0,False,,
David Distenfeld,Will Shortz,Normal,2023-01-21,Saturday,6,Daily,20789,,0,0,False,,
Garrett Chalfin,Will Shortz,Normal,2023-01-22,Sunday,0,Daily,20808,With Ease,0,0,False,,
Adrian Johnson,Will Shortz,Normal,2023-01-23,Monday,1,Daily,20809,,0,100,True,Gold,604
Aaron M. Rosenberg and Jeff Chen,Will Shortz,Normal,2023-01-24,Tuesday,2,Daily,20813,,0,100,True,Gold,1410
Nancy Serrano-Wu,Will Shortz,Normal,2023-01-25,Wednesday,3,Daily,20815,,0,100,True,,1557
Dan Ziring and Quiara Vasquez,Will Shortz,Normal,2023-01-26,Thursday,4,Daily,20822,,0,0,False,,
Joe Deeney,Will Shortz,Normal,2023-01-27,Friday,5,Daily,20821,,0,0,False,,
Kevin Christian,Will Shortz,Normal,2023-01-28,Saturday,6,Daily,20823,,0,0,False,,
Rich Katz,Will Shortz,Normal,2023-01-29,Sunday,0,Daily,20817,The Final Frontier,0,0,False,,
David Steinberg,Will Shortz,Normal,2023-01-30,Monday,1,Daily,20824,,0,100,True,Gold,863
Erik Agard,Will Shortz,Normal,2023-01-31,Tuesday,2,Daily,20814,,0,100,True,Gold,1058
Dan Caprera,Will Shortz,Normal,2023-02-01,Wednesday,3,Daily,20810,,0,100,True,,1929
Elise Corbin,Will Shortz,Normal,2023-02-02,Thursday,4,Daily,20827,,0,0,False,,
Barbara Lin,Will Shortz,Normal,2023-02-03,Friday,5,Daily,20819,,0,0,False,,
Kate Hawkins,Will Shortz,Normal,2023-02-04,Saturday,6,Daily,20839,,0,0,False,,
Jeremy Newton,Will Shortz,Normal,2023-02-05,Sunday,0,Daily,20834,Hollywood Remakes,0,0,False,,
Taylor Johnson,Will Shortz,Normal,2023-02-06,Monday,1,Daily,20678,,0,100,True,Gold,574
Ellen Leuschner,Will Shortz,Normal,2023-02-07,Tuesday,2,Daily,20831,,0,100,True,Gold,953
Chase Dittrich,Will Shortz,Normal,2023-02-08,Wednesday,3,Daily,20836,,0,0,False,,7
Alex Rosen,Will Shortz,Normal,2023-02-09,Thursday,4,Daily,20835,,0,0,False,,
Kavin Pawittranon and Nijah Morris,Will Shortz,Normal,2023-02-10,Friday,5,Daily,20841,,0,0,False,,
Sam Ezersky,Will Shortz,Normal,2023-02-11,Saturday,6,Daily,20840,,0,0,False,,
Christina Iverson and Samuel A. Donaldson,Will Shortz,Normal,2023-02-12,Sunday,0,Daily,20854,Cheap Thrills,0,0,False,,
Eric Rollfing,Will Shortz,Normal,2023-02-13,Monday,1,Daily,20842,,0,100,True,,1414
Ella Dershowitz,Will Shortz,Normal,2023-02-14,Tuesday,2,Daily,20845,,0,100,True,,994
Sean Ziebarth,Will Shortz,Normal,2023-02-15,Wednesday,3,Daily,20855,,0,0,False,,
Kevin Patterson,Will Shortz,Normal,2023-02-16,Thursday,4,Daily,20850,,0,0,False,,
Jem Burch,Will Shortz,Normal,2023-02-17,Friday,5,Daily,20852,,0,0,False,,
Kameron Austin Collins,Will Shortz,Normal,2023-02-18,Saturday,6,Daily,20862,,0,0,False,,
Rebecca Goldstein,Will Shortz,Normal,2023-02-19,Sunday,0,Daily,20856,Simile Irresistible,0,0,False,,
Emily Carroll,Will Shortz,Normal,2023-02-20,Monday,1,Daily,20858,,0,100,True,,1001
Daniel Raymon,Will Shortz,Normal,2023-02-21,Tuesday,2,Daily,20865,,0,100,True,,1392
Adam Wagner,Will Shortz,Normal,2023-02-22,Wednesday,3,Daily,20861,,0,0,False,,
Joe Deeney,Will Shortz,Normal,2023-02-23,Thursday,4,Daily,20863,,0,0,False,,
Margaret Seikel and Sophia Maymudes,Will Shortz,Normal,2023-02-24,Friday,5,Daily,20864,,0,0,False,,
Trent H. Evans,Will Shortz,Normal,2023-02-25,Saturday,6,Daily,20866,,0,0,False,,
Will Nediger,Will Shortz,Normal,2023-02-26,Sunday,0,Daily,20867,Double-Doubles,0,0,False,,
David Rockow,Will Shortz,Normal,2023-02-27,Monday,1,Daily,20868,,0,100,True,Gold,528
Gia Bosko,Will Shortz,Normal,2023-02-28,Tuesday,2,Daily,20882,,0,100,True,,1241
Aaron M. Rosenberg,Will Shortz,Normal,2023-03-01,Wednesday,3,Daily,20884,,0,0,False,,
Malaika Handa,Will Shortz,Normal,2023-03-02,Thursday,4,Daily,20883,,0,0,False,,
Eric Warren,Will Shortz,Normal,2023-03-03,Friday,5,Daily,20873,,0,0,False,,
Ryan McCarty,Will Shortz,Normal,2023-03-04,Saturday,6,Daily,20874,,0,0,False,,
John-Clark Levin,Will Shortz,Normal,2023-03-05,Sunday,0,Daily,20876,As Heard Around the Dinner Table,0,0,False,,
Lynn Lempel,Will Shortz,Normal,2023-03-06,Monday,1,Daily,20891,,0,100,True,,992
Enrique Henestroza Anguiano and Matthew Stock,Will Shortz,Normal,2023-03-07,Tuesday,2,Daily,20896,,0,100,True,Gold,1034
Miranda Kany,Will Shortz,Normal,2023-03-08,Wednesday,3,Daily,20885,,0,0,False,,
Simeon Seigel,Will Shortz,Normal,2023-03-09,Thursday,4,Daily,20888,,0,0,False,,
Claire Rimkus,Will Shortz,Normal,2023-03-10,Friday,5,Daily,20890,,0,0,False,,
Tom Pepper,Will Shortz,Normal,2023-03-11,Saturday,6,Daily,20898,,0,0,False,,
David Tuffs,Will Shortz,Normal,2023-03-12,Sunday,0,Daily,20889,This and That,0,0,False,,
Sam Koperwas and Jeff Chen,Will Shortz,Normal,2023-03-13,Monday,1,Daily,20903,,0,100,True,,1180
Peter Gordon,Will Shortz,Normal,2023-03-14,Tuesday,2,Daily,20900,,0,65,False,,1140
Michael B. Berg,Will Shortz,Normal,2023-03-15,Wednesday,3,Daily,20918,,0,0,False,,
Rebecca Goldstein,Will Shortz,Normal,2023-03-16,Thursday,4,Daily,20908,,0,0,False,,
Carter Cobb,Will Shortz,Normal,2023-03-17,Friday,5,Daily,20909,,0,0,False,,
Ada Nicolle,Will Shortz,Normal,2023-03-18,Saturday,6,Daily,20912,,0,0,False,,
Robert Ryan,Will Shortz,Normal,2023-03-19,Sunday,0,Daily,20914,Give Me a Break!,0,0,False,,
Adam Vincent,Will Shortz,Normal,2023-03-20,Monday,1,Daily,20915,,0,100,True,Gold,647
Michael Lieberman,Will Shortz,Normal,2023-03-21,Tuesday,2,Daily,20920,,0,100,True,,1856
Madeline Kaplan,Will Shortz,Normal,2023-03-22,Wednesday,3,Daily,20933,,0,89,False,,1494
David Kwong,Will Shortz,Normal,2023-03-23,Thursday,4,Daily,20930,,0,0,False,,
Blake Slonecker,Will Shortz,Normal,2023-03-24,Friday,5,Daily,20911,,0,0,False,,
Robyn Weintraub,Will Shortz,Normal,2023-03-25,Saturday,6,Daily,20919,,0,0,False,,
David Karp,Will Shortz,Normal,2023-03-26,Sunday,0,Daily,20929,"I Do, I Do ... Do!",0,0,False,,
Simon Marotte and Trenton Lee Stewart,Will Shortz,Normal,2023-03-27,Monday,1,Daily,20928,,0,100,True,Gold,585
Daniel Kantor and Jay Kaskel,Will Shortz,Normal,2023-03-28,Tuesday,2,Daily,20937,,0,96,False,,1148
Ben Zoon,Will Shortz,Normal,2023-03-29,Wednesday,3,Daily,20934,,0,0,False,,
Adam Wagner and Brooke Husic,Will Shortz,Normal,2023-03-30,Thursday,4,Daily,20927,,0,0,False,,
Rich Norris,Will Shortz,Normal,2023-03-31,Friday,5,Daily,20946,,0,0,False,,
Wyna Liu and Joel Fagliano,Will Shortz,Normal,2023-04-01,Saturday,6,Daily,20978,,0,0,False,,
Jeremy Newton and Tracy Gray,Will Shortz,Normal,2023-04-02,Sunday,0,Daily,20944,Artistic Differences,0,0,False,,
David Distenfeld,Will Shortz,Normal,2023-04-03,Monday,1,Daily,20945,,0,100,True,Gold,896
Andrea Carla Michaels and Christina Iverson,Will Shortz,Normal,2023-04-04,Tuesday,2,Daily,20952,,0,100,True,Gold,693
Brandon Koppy,Will Shortz,Normal,2023-04-05,Wednesday,3,Daily,20947,,0,100,True,Gold,2595
Sam Buttrey,Will Shortz,Normal,2023-04-06,Thursday,4,Daily,20963,,0,100,True,,4033
Lindsey Hobbs,Will Shortz,Normal,2023-04-07,Friday,5,Daily,20942,,0,0,False,,
Sid Sivakumar,Will Shortz,Normal,2023-04-08,Saturday,6,Daily,20951,,0,0,False,,
John Ewbank,Will Shortz,Normal,2023-04-09,Sunday,0,Daily,20961,If the Clue Fits ...,0,0,False,,
Gia Bosko,Will Shortz,Normal,2023-04-10,Monday,1,Daily,20953,,0,0,False,,
Taylor Johnson and Jeff Chen,Will Shortz,Normal,2023-04-11,Tuesday,2,Daily,20977,,0,0,False,,
Olivia Mitra Framke and Brooke Husic,Will Shortz,Normal,2023-04-12,Wednesday,3,Daily,20976,,0,0,False,,
Robin Yu,Will Shortz,Normal,2023-04-13,Thursday,4,Daily,20959,,0,0,False,,
Billy Bratton and Clay Haddock,Will Shortz,Normal,2023-04-14,Friday,5,Daily,20972,,0,0,False,,
Kameron Austin Collins,Will Shortz,Normal,2023-04-15,Saturday,6,Daily,20964,,0,0,False,,
Mike Hobin,Will Shortz,Normal,2023-04-16,Sunday,0,Daily,20981,"Bring Your ""A"" Game",0,0,False,,
Katherine Baicker and Scott Earl,Will Shortz,Normal,2023-04-17,Monday,1,Daily,20984,,0,100,True,,890
Kiran Pandey,Will Shortz,Normal,2023-04-18,Tuesday,2,Daily,20989,,0,100,True,,1612
Joe Deeney,Will Shortz,Normal,2023-04-19,Wednesday,3,Daily,20990,,0,100,True,,2261
Simeon Seigel,Will Shortz,Normal,2023-04-20,Thursday,4,Daily,20993,,0,0,False,,
Erica Hsiung Wojcik and Matthew Stock,Will Shortz,Normal,2023-04-21,Friday,5,Daily,20991,,0,0,False,,
Byron Walden,Will Shortz,Normal,2023-04-22,Saturday,6,Daily,20985,,0,0,False,,
Katie Hale and Scott Hogan,Will Shortz,Normal,2023-04-23,Sunday,0,Daily,20992,Punctuation Matters,0,0,False,,
Emily Carroll,Will Shortz,Normal,2023-04-24,Monday,1,Daily,20998,,0,100,True,Gold,1264
Grant Boroughs,Will Shortz,Normal,2023-04-25,Tuesday,2,Daily,20997,,0,100,True,,2357
Aaron M. Rosenberg,Will Shortz,Normal,2023-04-26,Wednesday,3,Daily,20635,,0,100,True,,1661
Michael Schlossberg,Will Shortz,Normal,2023-04-27,Thursday,4,Daily,21002,,0,0,False,,
Malaika Handa and Erik Agard,Will Shortz,Normal,2023-04-28,Friday,5,Daily,21004,,0,0,False,,
David Steinberg,Will Shortz,Normal,2023-04-29,Saturday,6,Daily,21011,,0,0,False,,
Lewis Rothlein and Jeff Chen,Will Shortz,Normal,2023-04-30,Sunday,0,Daily,21006,Name Dropping,0,0,False,,
Alina Abidi and Matthew Stock,Will Shortz,Normal,2023-05-01,Monday,1,Daily,21013,,0,100,True,Gold,732
Aimee Lucido,Will Shortz,Normal,2023-05-02,Tuesday,2,Daily,21012,,0,100,True,,1817
Samuel A. Donaldson,Will Shortz,Normal,2023-05-03,Wednesday,3,Daily,21005,,0,0,False,,
David J. Kahn,Will Shortz,Normal,2023-05-04,Thursday,4,Daily,21029,,0,0,False,,
Jacob McDermott,Will Shortz,Normal,2023-05-05,Friday,5,Daily,21016,,0,0,False,,
Carter Cobb,Will Shortz,Normal,2023-05-06,Saturday,6,Daily,21027,,0,0,False,,
Will Nediger,Will Shortz,Normal,2023-05-07,Sunday,0,Daily,21021,Sea Change,0,0,False,,
Catherine Cetta,Will Shortz,Normal,2023-05-08,Monday,1,Daily,21030,,0,100,True,Gold,870
Margaret Seikel,Will Shortz,Normal,2023-05-09,Tuesday,2,Daily,21017,,0,100,True,Gold,752
Victor Barocas,Will Shortz,Normal,2023-05-10,Wednesday,3,Daily,21018,,0,100,True,Gold,1576
Sheldon Polonsky,Will Shortz,Normal,2023-05-11,Thursday,4,Daily,21026,,0,100,True,,4857
Enrique Henestroza Anguiano,Will Shortz,Normal,2023-05-12,Friday,5,Daily,21028,,0,0,False,,
Spencer Leach,Will Shortz,Normal,2023-05-13,Saturday,6,Daily,21031,,0,0,False,,
Sid Sivakumar,Will Shortz,Normal,2023-05-14,Sunday,0,Daily,21041,Alternate Endings,0,0,False,,
Tomas Spiers,Will Shortz,Normal,2023-05-15,Monday,1,Daily,21037,,0,100,True,,547
Katherine Baicker and Adam Wagner,Will Shortz,Normal,2023-05-16,Tuesday,2,Daily,21042,,0,100,True,,1350
Parker Higgins,Will Shortz,Normal,2023-05-17,Wednesday,3,Daily,21036,,0,100,True,,2066
Kiran Pandey,Will Shortz,Normal,2023-05-18,Thursday,4,Daily,21040,,0,0,False,,
David Distenfeld,Will Shortz,Normal,2023-05-19,Friday,5,Daily,21054,,0,0,False,,
Erica Hsiung Wojcik,Will Shortz,Normal,2023-05-20,Saturday,6,Daily,21052,,0,0,False,,
Robert Ryan,Will Shortz,Normal,2023-05-21,Sunday,0,Daily,21068,Stitchin' Time,0,0,False,,
Dang Quang Thang,Will Shortz,Normal,2023-05-22,Monday,1,Daily,21055,,0,100,True,Gold,635
Lee Taylor,Will Shortz,Normal,2023-05-23,Tuesday,2,Daily,21064,,0,100,True,Gold,1250
Kavin Pawittranon and Nijah Morris,Will Shortz,Normal,2023-05-24,Wednesday,3,Daily,21057,,0,100,True,Gold,1250
Andrew Kingsley and Garrett Chalfin,Will Shortz,Normal,2023-05-25,Thursday,4,Daily,21058,,0,100,True,,2815
Hemant Mehta,Will Shortz,Normal,2023-05-26,Friday,5,Daily,21069,,0,100,True,,2502
Samuel Smalley,Will Shortz,Normal,2023-05-27,Saturday,6,Daily,21048,,0,0,False,,
Chandi Deitmer and Taylor Johnson,Will Shortz,Normal,2023-05-28,Sunday,0,Daily,21072,U-Haul,0,0,False,,
Katie Hale and Zachary David Levy,Will Shortz,Normal,2023-05-29,Monday,1,Daily,21071,,0,100,True,,904
Kathryn Ladner,Will Shortz,Normal,2023-05-30,Tuesday,2,Daily,21075,,0,100,True,Gold,1677
Brandon Koppy,Will Shortz,Normal,2023-05-31,Wednesday,3,Daily,21079,,0,100,True,Gold,1340
David and Karen and Paul Steinberg,Will Shortz,Normal,2023-06-01,Thursday,4,Daily,21078,,0,96,False,,2643
John Ewbank,Will Shortz,Normal,2023-06-02,Friday,5,Daily,21083,,0,0,False,,
John Westwig,Will Shortz,Normal,2023-06-03,Saturday,6,Daily,21080,,0,0,False,,
Rafael Musa,Will Shortz,Normal,2023-06-04,Sunday,0,Daily,21089,Flying Colors,0,0,False,,
Eric Rollfing,Will Shortz,Normal,2023-06-05,Monday,1,Daily,21086,,0,100,True,Gold,592
Daniel Jaret,Will Shortz,Normal,2023-06-06,Tuesday,2,Daily,21084,,0,100,True,,1308
Jennifer Lee and Victor Galson,Will Shortz,Normal,2023-06-07,Wednesday,3,Daily,21085,,0,100,True,Gold,1172
Philip Koski,Will Shortz,Normal,2023-06-08,Thursday,4,Daily,21118,,0,30,False,,707
Robyn Weintraub,Will Shortz,Normal,2023-06-09,Friday,5,Daily,21104,,0,0,False,,
John Hawksley,Will Shortz,Normal,2023-06-10,Saturday,6,Daily,21090,,0,0,False,,
Sam Ezersky,Will Shortz,Normal,2023-06-11,Sunday,0,Daily,21114,"Words, Words, Words: A Themeless",0,0,False,,
Alice Liang,Will Shortz,Normal,2023-06-12,Monday,1,Daily,21140,,0,100,True,Gold,756
Juliana Tringali Golden and Wendy L. Brandes,Will Shortz,Normal,2023-06-13,Tuesday,2,Daily,21126,,0,100,True,Gold,1849
Jennifer Hoelzer,Will Shortz,Normal,2023-06-14,Wednesday,3,Daily,21105,,0,100,True,,2019
David Harris,Will Shortz,Normal,2023-06-15,Thursday,4,Daily,21108,,0,100,True,,1912
Natan Last and the J.A.S.A. Crossword Class,Will Shortz,Normal,2023-06-16,Friday,5,Daily,21051,,0,0,False,,
Ryan McCarty,Will Shortz,Normal,2023-06-17,Saturday,6,Daily,21119,,0,0,False,,
Joe DiPietro,Will Shortz,Normal,2023-06-18,Sunday,0,Daily,21129,My Two Cents,0,0,False,,
David Liben-Nowell,Will Shortz,Normal,2023-06-19,Monday,1,Daily,21121,,0,100,True,,573
Aimee Lucido,Will Shortz,Normal,2023-06-20,Tuesday,2,Daily,21120,,0,100,True,,1197
Jimmy Peniston,Will Shortz,Normal,2023-06-21,Wednesday,3,Daily,21131,,0,100,False,,1047
Michael Baker and Jeff Chen,Will Shortz,Normal,2023-06-22,Thursday,4,Daily,21148,,0,0,False,,
Kunal Nabar,Will Shortz,Normal,2023-06-23,Friday,5,Daily,21122,,0,0,False,,
Spencer Leach and Quiara Vasquez,Will Shortz,Normal,2023-06-24,Saturday,6,Daily,21128,,0,0,False,,
John Westwig,Will Shortz,Normal,2023-06-25,Sunday,0,Daily,21161,Opposites Attracting,0,0,False,,
Taylor Johnson and Christina Iverson,Will Shortz,Normal,2023-06-26,Monday,1,Daily,21103,,0,100,True,Gold,716
Anthony Gisonda,Will Shortz,Normal,2023-06-27,Tuesday,2,Daily,21135,,0,100,True,Gold,1570
Matt Fuchs and Victor Sloan,Will Shortz,Normal,2023-06-28,Wednesday,3,Daily,21137,,0,100,True,,1507
Simeon Seigel,Will Shortz,Normal,2023-06-29,Thursday,4,Daily,21147,,0,12,False,,321
Carly Schuna,Will Shortz,Normal,2023-06-30,Friday,5,Daily,21136,,0,0,False,,
Ben Tolkin,Will Shortz,Normal,2023-07-01,Saturday,6,Daily,21138,,0,0,False,,
Rebecca Goldstein and Rafael Musa,Will Shortz,Normal,2023-07-02,Sunday,0,Daily,21142,About Two Feet,0,0,False,,
Sam Buchbinder,Will Shortz,Normal,2023-07-03,Monday,1,Daily,21158,,0,99,False,,554
Barbara Lin,Will Shortz,Normal,2023-07-04,Tuesday,2,Daily,21168,,0,100,True,,1425
Joe Deeney,Will Shortz,Normal,2023-07-05,Wednesday,3,Daily,21152,,0,0,False,,
Alison Perch,Will Shortz,Normal,2023-07-06,Thursday,4,Daily,21153,,0,0,False,,
Adrian Johnson,Will Shortz,Normal,2023-07-07,Friday,5,Daily,21156,,0,0,False,,
Brandon Koppy,Will Shortz,Normal,2023-07-08,Saturday,6,Daily,21165,,0,0,False,,
Christina Iverson,Will Shortz,Normal,2023-07-09,Sunday,0,Daily,21160,A Thousand Words,0,0,False,,
Brad Wiegmann,Will Shortz,Normal,2023-07-10,Monday,1,Daily,21170,,0,100,True,,972
Aaron M. Rosenberg,Will Shortz,Normal,2023-07-11,Tuesday,2,Daily,21183,,0,100,False,,1367
Brooke Husic and Brian Thomas,Will Shortz,Normal,2023-07-12,Wednesday,3,Daily,21174,,0,83,False,,997
Hanh Huynh,Will Shortz,Normal,2023-07-13,Thursday,4,Daily,21159,,0,0,False,,
Jonathan Kaufman,Will Shortz,Normal,2023-07-14,Friday,5,Daily,21171,,0,0,False,,
Jeff Chen,Will Shortz,Normal,2023-07-15,Saturday,6,Daily,21167,,0,0,False,,
Michael Schlossberg,Will Shortz,Normal,2023-07-16,Sunday,0,Daily,21192,The Game Is Afoot,0,0,False,,
Alexander Liebeskind,Will Shortz,Normal,2023-07-17,Monday,1,Daily,21172,,0,100,True,,1016
Karen and Paul Steinberg,Will Shortz,Normal,2023-07-18,Tuesday,2,Daily,21189,,0,100,True,,1298
Billy Bratton,Will Shortz,Normal,2023-07-19,Wednesday,3,Daily,21169,,0,27,False,,235
Drew Schmenner,Will Shortz,Normal,2023-07-20,Thursday,4,Daily,21175,,0,0,False,,
Robyn Weintraub,Will Shortz,Normal,2023-07-21,Friday,5,Daily,21186,,0,0,False,,
Robert Logan,Will Shortz,Normal,2023-07-22,Saturday,6,Daily,21173,,0,0,False,,
Chandi Deitmer,Will Shortz,Normal,2023-07-23,Sunday,0,Daily,21211,Aural Surgery,0,0,False,,
John Ewbank,Will Shortz,Normal,2023-07-24,Monday,1,Daily,21204,,0,100,True,Gold,682
Gary Larson and Doug Peterson,Will Shortz,Normal,2023-07-25,Tuesday,2,Daily,21194,,0,100,True,Gold,1208
Mary Crane,Will Shortz,Normal,2023-07-26,Wednesday,3,Daily,21201,,0,86,False,,1625
Guilherme Gilioli,Will Shortz,Normal,2023-07-27,Thursday,4,Daily,21190,,0,0,False,,
Rafael Musa and Hoang-Kim Vu,Will Shortz,Normal,2023-07-28,Friday,5,Daily,21115,,0,0,False,,
Sam Ezersky,Will Shortz,Normal,2023-07-29,Saturday,6,Daily,21223,,0,0,False,,
John Kugelman,Will Shortz,Normal,2023-07-30,Sunday,0,Daily,21229,Doing Front Flips,0,76,False,,3624
David Litman and Andrea Carla Michaels,Will Shortz,Normal,2023-07-31,Monday,1,Daily,21209,,0,100,True,Gold,611
Kathryn Ladner,Will Shortz,Normal,2023-08-01,Tuesday,2,Daily,21188,,0,0,False,,
Barbara Lin,Will Shortz,Normal,2023-08-02,Wednesday,3,Daily,21212,,0,0,False,,
Simeon Seigel,Will Shortz,Normal,2023-08-03,Thursday,4,Daily,21213,,0,0,False,,
Brandon Koppy,Will Shortz,Normal,2023-08-04,Friday,5,Daily,21205,,0,0,False,,
John Guzzetta,Will Shortz,Normal,2023-08-05,Saturday,6,Daily,21208,,0,0,False,,
Lisa Senzel and Jeff Chen,Will Shortz,Normal,2023-08-06,Sunday,0,Daily,21248,What's Hanging?,0,0,False,,
Chloe Revery and Alissa Revness,Will Shortz,Normal,2023-08-07,Monday,1,Daily,21227,,0,100,True,,377
Zachary David Levy,Will Shortz,Normal,2023-08-08,Tuesday,2,Daily,21151,,0,100,True,Gold,966
Caryn Robbins and Matthew Stock,Will Shortz,Normal,2023-08-09,Wednesday,3,Daily,21225,,0,100,True,,1400
Natan Last and the J.A.S.A. Crossword Class,Will Shortz,Normal,2023-08-10,Thursday,4,Daily,21206,,0,49,False,,881
John-Clark Levin,Will Shortz,Normal,2023-08-11,Friday,5,Daily,21250,,0,0,False,,
Rachel Fabi and Christina Iverson,Will Shortz,Normal,2023-08-12,Saturday,6,Daily,21220,,0,0,False,,
Manaal Mohammed,Will Shortz,Normal,2023-08-13,Sunday,0,Daily,21259,Use Your Noodle,0,0,False,,
Simon Marotte and Trenton Lee Stewart,Will Shortz,Normal,2023-08-14,Monday,1,Daily,21267,,0,100,True,Gold,590
Malaika Handa,Will Shortz,Normal,2023-08-15,Tuesday,2,Daily,21237,,0,100,True,Gold,1461
Mangesh Ghogre and Brendan Emmett Quigley,Will Shortz,Normal,2023-08-16,Wednesday,3,Daily,21224,,0,100,True,,3074
Erik Agard,Will Shortz,Normal,2023-08-17,Thursday,4,Daily,21269,,0,24,False,,490
Kameron Austin Collins,Will Shortz,Normal,2023-08-18,Friday,5,Daily,21226,,0,0,False,,
David P. Williams,Will Shortz,Normal,2023-08-19,Saturday,6,Daily,21297,,0,0,False,,
Michael Schlossberg,Will Shortz,Normal,2023-08-20,Sunday,0,Daily,21283,Crunch Time,0,0,False,,
Jennifer Nutt,Will Shortz,Normal,2023-08-21,Monday,1,Daily,21299,,0,98,False,,782
Jay Silverman,Will Shortz,Normal,2023-08-22,Tuesday,2,Daily,21246,,0,100,True,Gold,941
Michael Lieberman,Will Shortz,Normal,2023-08-23,Wednesday,3,Daily,21247,,0,63,False,,1076
Robin Yu,Will Shortz,Normal,2023-08-24,Thursday,4,Daily,21257,,0,0,False,,
Rafael Musa,Will Shortz,Normal,2023-08-25,Friday,5,Daily,21249,,0,0,False,,
Adrian Johnson,Will Shortz,Normal,2023-08-26,Saturday,6,Daily,21303,,0,0,False,,
Rich Katz,Will Shortz,Normal,2023-08-27,Sunday,0,Daily,21300,Wanna Be Startin' Somethin',0,0,False,,
Brian Callahan,Will Shortz,Normal,2023-08-28,Monday,1,Daily,21258,,0,100,True,Gold,687
Michčle Govier,Will Shortz,Normal,2023-08-29,Tuesday,2,Daily,21275,,0,100,True,Gold,848
Alex Eaton-Salners,Will Shortz,Normal,2023-08-30,Wednesday,3,Daily,21311,,0,91,False,,3268
Freddie Cheng,Will Shortz,Normal,2023-08-31,Thursday,4,Daily,21315,,0,0,False,,
Robert Logan,Will Shortz,Normal,2023-09-01,Friday,5,Daily,21329,,0,0,False,,
Rebecca Goldstein,Will Shortz,Normal,2023-09-02,Saturday,6,Daily,21287,,0,0,False,,
Dylan Schiff,Will Shortz,Normal,2023-09-03,Sunday,0,Daily,21312,Computer Games,0,0,False,,
Tom Pepper and Zhouqin Burnikel,Will Shortz,Normal,2023-09-04,Monday,1,Daily,21244,,0,100,True,,1018
Alan Siegel,Will Shortz,Normal,2023-09-05,Tuesday,2,Daily,21243,,0,100,True,Gold,842
Blake Slonecker,Will Shortz,Normal,2023-09-06,Wednesday,3,Daily,21286,,0,5,False,,63
Ryan Patrick Smith,Will Shortz,Normal,2023-09-07,Thursday,4,Daily,21298,,0,0,False,,
Rachel Fabi and Ken Stern,Will Shortz,Normal,2023-09-08,Friday,5,Daily,21296,,0,0,False,,
Robert S. Gard,Will Shortz,Normal,2023-09-09,Saturday,6,Daily,21330,,0,0,False,,
Adam Wagner,Will Shortz,Normal,2023-09-10,Sunday,0,Daily,21318,Detours Ahead,0,0,False,,
Hoang-Kim Vu,Will Shortz,Normal,2023-09-11,Monday,1,Daily,21302,,0,81,False,,715
Ella Dershowitz,Will Shortz,Normal,2023-09-12,Tuesday,2,Daily,21314,,0,88,False,,1157
Guilherme Gilioli,Will Shortz,Normal,2023-09-13,Wednesday,3,Daily,21313,,0,0,False,,
Vasu Seralathan,Will Shortz,Normal,2023-09-14,Thursday,4,Daily,21316,,0,0,False,,
David A. Rubin and Lee Demertzis,Will Shortz,Normal,2023-09-15,Friday,5,Daily,21326,,0,0,False,,
Jonathan Kaufman,Will Shortz,Normal,2023-09-16,Saturday,6,Daily,21317,,0,0,False,,
Jill Rafaloff and Michelle Sontarp,Will Shortz,Normal,2023-09-17,Sunday,0,Daily,21333,Classical Music,0,0,False,,
Kevin Christian and Andrea Carla Michaels,Will Shortz,Normal,2023-09-18,Monday,1,Daily,21325,,0,100,True,Gold,779
Gia Bosko,Will Shortz,Normal,2023-09-19,Tuesday,2,Daily,21328,,0,84,False,,1677
Gina Turner,Will Shortz,Normal,2023-09-20,Wednesday,3,Daily,21341,,0,70,False,,633
Dan Caprera,Will Shortz,Normal,2023-09-21,Thursday,4,Daily,21376,,0,0,False,,
Rafael Musa and Michael Lieberman,Will Shortz,Normal,2023-09-22,Friday,5,Daily,21343,,0,0,False,,
Robert Charlton,Will Shortz,Normal,2023-09-23,Saturday,6,Daily,21344,,0,0,False,,
Joel Fagliano and Christina Iverson,Will Shortz,Normal,2023-09-24,Sunday,0,Daily,21385,Rebrandings,0,0,False,,
Lynn Lempel,Will Shortz,Normal,2023-09-25,Monday,1,Daily,21366,,0,100,True,Gold,519
Shannon Rapp and Rebecca Goldstein,Will Shortz,Normal,2023-09-26,Tuesday,2,Daily,21357,,0,100,True,,1192
Scott Koenig,Will Shortz,Normal,2023-09-27,Wednesday,3,Daily,21367,,0,83,False,,1593
Ricky Cruz,Will Shortz,Normal,2023-09-28,Thursday,4,Daily,21228,,0,0,False,,
Malaika Handa,Will Shortz,Normal,2023-09-29,Friday,5,Daily,21346,,0,0,False,,
Ahmed  Bayoumi,Will Shortz,Normal,2023-09-30,Saturday,6,Daily,21347,,0,0,False,,
Jeffrey Lease,Will Shortz,Normal,2023-10-01,Sunday,0,Daily,21374,Film Adaptations,0,0,False,,
Alexandria Mason,Will Shortz,Normal,2023-10-02,Monday,1,Daily,21381,,0,100,True,,782
Troy Laedtke,Will Shortz,Normal,2023-10-03,Tuesday,2,Daily,21363,,0,100,True,,1567
Gary Larson,Will Shortz,Normal,2023-10-04,Wednesday,3,Daily,21364,,0,0,False,,
Daniel Bodily,Will Shortz,Normal,2023-10-05,Thursday,4,Daily,21368,,0,0,False,,
Zhouqin Burnikel and Tom Pepper,Will Shortz,Normal,2023-10-06,Friday,5,Daily,21380,,0,0,False,,
Alex Vratsanos,Will Shortz,Normal,2023-10-07,Saturday,6,Daily,21379,,0,0,False,,
Sid Sivakumar,Will Shortz,Normal,2023-10-08,Sunday,0,Daily,21389,Tones of Voice,0,0,False,,
Zachary David Levy,Will Shortz,Normal,2023-10-09,Monday,1,Daily,21382,,0,100,True,,732
Nate Cardin,Will Shortz,Normal,2023-10-10,Tuesday,2,Daily,21387,,0,90,False,,664
Miranda Kany,Will Shortz,Normal,2023-10-11,Wednesday,3,Daily,21399,,0,0,False,,
John Nagamichi Cho,Will Shortz,Normal,2023-10-12,Thursday,4,Daily,21388,,0,0,False,,
John-Clark Levin,Will Shortz,Normal,2023-10-13,Friday,5,Daily,21383,,0,0,False,,
Byron Walden,Will Shortz,Normal,2023-10-14,Saturday,6,Daily,21406,,0,0,False,,
Jeff Chen and Juliana Tringali Golden,Will Shortz,Normal,2023-10-15,Sunday,0,Daily,21402,Doing Doughnuts,0,0,False,,
Michael Lieberman and Andrea Carla Michaels,Will Shortz,Normal,2023-10-16,Monday,1,Daily,21396,,0,100,True,,428
Dominic Grillo,Will Shortz,Normal,2023-10-17,Tuesday,2,Daily,21405,,0,43,False,,253
Joseph Gangi,Will Shortz,Normal,2023-10-18,Wednesday,3,Daily,21397,,0,0,False,,
Colin Ernst,Will Shortz,Normal,2023-10-19,Thursday,4,Daily,21412,,0,0,False,,
Jacob McDermott,Will Shortz,Normal,2023-10-20,Friday,5,Daily,21445,,0,0,False,,
Kelly Morenus,Will Shortz,Normal,2023-10-21,Saturday,6,Daily,21413,,0,0,False,,
Robert Ryan,Will Shortz,Normal,2023-10-22,Sunday,0,Daily,21422,You're Onto Something,0,0,False,,
Stella Zawistowski,Will Shortz,Normal,2023-10-23,Monday,1,Daily,21423,,0,0,False,,
Daniel Grinberg,Will Shortz,Normal,2023-10-24,Tuesday,2,Daily,21414,,0,0,False,,
Aimee Lucido,Will Shortz,Normal,2023-10-25,Wednesday,3,Daily,21411,,0,0,False,,
John Donegan,Will Shortz,Normal,2023-10-26,Thursday,4,Daily,21427,,0,0,False,,
Adrian Johnson,Will Shortz,Normal,2023-10-27,Friday,5,Daily,21418,,0,0,False,,
Ryan McCarty,Will Shortz,Normal,2023-10-28,Saturday,6,Daily,21424,,0,0,False,,
Alina Abidi,Will Shortz,Normal,2023-10-29,Sunday,0,Daily,21429,Fabric-ations,0,0,False,,
Kenneth Cortes,Will Shortz,Normal,2023-10-30,Monday,1,Daily,21425,,0,100,True,,655
Kathy Lowden and Erik Piepenburg,Will Shortz,Normal,2023-10-31,Tuesday,2,Daily,21463,,0,0,False,,
Steve Weyer,Will Shortz,Normal,2023-11-01,Wednesday,3,Daily,21428,,0,0,False,,
Chase Dittrich and Christina Iverson,Will Shortz,Normal,2023-11-02,Thursday,4,Daily,21465,,0,0,False,,
Robyn Weintraub,Will Shortz,Normal,2023-11-03,Friday,5,Daily,21437,,0,0,False,,
David P. Williams,Will Shortz,Normal,2023-11-04,Saturday,6,Daily,21436,,0,0,False,,
Rich Katz,Will Shortz,Normal,2023-11-05,Sunday,0,Daily,21449,Double Talk,0,0,False,,
Desirée Penner and Jeff Sinnock,Will Shortz,Normal,2023-11-06,Monday,1,Daily,21447,,0,100,False,,1570
Kevin Curry and Daniel Bodily,Will Shortz,Normal,2023-11-07,Tuesday,2,Daily,21448,,0,0,False,,
Daniel Hrynick,Will Shortz,Normal,2023-11-08,Wednesday,3,Daily,21451,,0,0,False,,
Simeon Seigel,Will Shortz,Normal,2023-11-09,Thursday,4,Daily,21342,,0,0,False,,
Kate Hawkins,Will Shortz,Normal,2023-11-10,Friday,5,Daily,21475,,0,0,False,,
Blake Slonecker,Will Shortz,Normal,2023-11-11,Saturday,6,Daily,21464,,0,0,False,,
Garrett Chalfin,Will Shortz,Normal,2023-11-12,Sunday,0,Daily,21467,Right on the Money,0,0,False,,
Benjamin Fink,Will Shortz,Normal,2023-11-13,Monday,1,Daily,21478,,0,0,False,,
Matthew Linzer,Will Shortz,Normal,2023-11-14,Tuesday,2,Daily,21477,,0,0,False,,
Gary Larson,Will Shortz,Normal,2023-11-15,Wednesday,3,Daily,21479,,0,0,False,,
Paolo Pasco,Will Shortz,Normal,2023-11-16,Thursday,4,Daily,21476,,0,0,False,,
Hemant Mehta,Will Shortz,Normal,2023-11-17,Friday,5,Daily,21489,,0,0,False,,
Hoang-Kim Vu,Will Shortz,Normal,2023-11-18,Saturday,6,Daily,21481,,0,0,False,,
Rebecca Goldstein and Rachel Fabi,Will Shortz,Normal,2023-11-19,Sunday,0,Daily,21480,Thanksgiving Meal Prep,0,0,False,,
Sam Ezersky,Will Shortz,Normal,2023-11-20,Monday,1,Daily,21493,,0,100,True,,1037
Kevin Christian and Andrea Carla Michaels,Will Shortz,Normal,2023-11-21,Tuesday,2,Daily,21491,,0,63,False,,516
Will Pfadenhauer,Will Shortz,Normal,2023-11-22,Wednesday,3,Daily,21506,,0,0,False,,
Vasu Seralathan,Will Shortz,Normal,2023-11-23,Thursday,4,Daily,21490,,0,0,False,,
Rafael Musa,Will Shortz,Normal,2023-11-24,Friday,5,Daily,21505,,0,0,False,,
Jeff Stillman,Will Shortz,Normal,2023-11-25,Saturday,6,Daily,21508,,0,0,False,,
Adam Wagner and Michael Lieberman,Will Shortz,Normal,2023-11-26,Sunday,0,Daily,21492,Growth Spurts,0,0,False,,
Ricky J. Sirois,Will Shortz,Normal,2023-11-27,Monday,1,Daily,21504,,0,79,False,,514
Gia Bosko,Will Shortz,Normal,2023-11-28,Tuesday,2,Daily,21509,,0,0,False,,
Ruth Bloomfield Margolin,Will Shortz,Normal,2023-11-29,Wednesday,3,Daily,21549,,0,0,False,,
Jeffrey Martinovic and Jeff Chen,Will Shortz,Normal,2023-11-30,Thursday,4,Daily,21507,,0,0,False,,
Jem Burch,Will Shortz,Normal,2023-12-01,Friday,5,Daily,21517,,0,0,False,,
Royce Ferguson,Will Shortz,Normal,2023-12-02,Saturday,6,Daily,21529,,0,0,False,,
Tracy Bennett,Will Shortz,Normal,2023-12-03,Sunday,0,Daily,21512,Freestyling,0,0,False,,
Sean Ziebarth,Will Shortz,Normal,2023-12-04,Monday,1,Daily,21524,,0,100,True,,783
Nate Cardin,Will Shortz,Normal,2023-12-05,Tuesday,2,Daily,21539,,0,100,True,,786
Peter A. Collins and Bruce Haight,Will Shortz,Normal,2023-12-06,Wednesday,3,Daily,21527,,0,0,False,,
Rebecca Goldstein,Will Shortz,Normal,2023-12-07,Thursday,4,Daily,21528,,0,0,False,,
Robert Logan,Will Shortz,Normal,2023-12-08,Friday,5,Daily,21543,,0,0,False,,
Doug Peterson and Christina Iverson,Will Shortz,Normal,2023-12-09,Saturday,6,Daily,21525,,0,0,False,,
Zachary David Levy and Jeff Chen,Will Shortz,Normal,2023-12-10,Sunday,0,Daily,21518,Political Pun-ditry,0,0,False,,
Luke K. Schreiber,Will Shortz,Normal,2023-12-11,Monday,1,Daily,21546,,0,100,True,Gold,563
Peter Gordon,Will Shortz,Normal,2023-12-12,Tuesday,2,Daily,21542,,0,77,False,,706
Alex Eaton-Salners,Will Shortz,Normal,2023-12-13,Wednesday,3,Daily,21550,,0,0,False,,
Esha Datta,Will Shortz,Normal,2023-12-14,Thursday,4,Daily,21515,,0,0,False,,
Alex Tomlinson,Will Shortz,Normal,2023-12-15,Friday,5,Daily,21547,,0,0,False,,
Garrett Chalfin,Will Shortz,Normal,2023-12-16,Saturday,6,Daily,21551,,0,0,False,,
Jeremy Newton,Will Shortz,Normal,2023-12-17,Sunday,0,Daily,21526,Get Over It,0,0,False,,
Joe Marquez,Will Shortz,Normal,2023-12-18,Monday,1,Daily,21545,,0,2,False,,17
Seth Weitberg,Will Shortz,Normal,2023-12-19,Tuesday,2,Daily,21544,,0,0,False,,
Brad Wiegmann,Will Shortz,Normal,2023-12-20,Wednesday,3,Daily,21566,,0,0,False,,
David Steinberg,Will Shortz,Normal,2023-12-21,Thursday,4,Daily,21548,,0,0,False,,
Brooke Husic and Brendan Emmett Quigley,Will Shortz,Normal,2023-12-22,Friday,5,Daily,21579,,0,0,False,,
Will Nediger,Will Shortz,Normal,2023-12-23,Saturday,6,Daily,21560,,0,0,False,,
Drew Schmenner,Will Shortz,Normal,2023-12-24,Sunday,0,Daily,21568,Wrap Stars,0,0,False,,
Amie Walker,Will Shortz,Normal,2023-12-25,Monday,1,Daily,21567,,0,100,True,,1032
Neil Shook,Will Shortz,Normal,2023-12-26,Tuesday,2,Daily,21564,,0,0,False,,
Kareem Ayas,Will Shortz,Normal,2023-12-27,Wednesday,3,Daily,21563,,0,0,False,,
Kiran Pandey,Will Shortz,Normal,2023-12-28,Thursday,4,Daily,21608,,0,0,False,,
Robyn Weintraub,Will Shortz,Normal,2023-12-29,Friday,5,Daily,21609,,0,0,False,,
Simeon Seigel,Will Shortz,Normal,2023-12-30,Saturday,6,Daily,21565,,0,0,False,,
Matt Linzer and Rafael Musa,Will Shortz,Normal,2023-12-31,Sunday,0,Daily,21592,It's Going Down,0,0,False,,
Harry Zheng,Will Shortz,Normal,2024-01-01,Monday,1,Daily,21588,,0,100,True,,622
Jeffrey Martinovic,Will Shortz,Normal,2024-01-02,Tuesday,2,Daily,21607,,0,100,True,,1271
Jared Goudsmit,Will Shortz,Normal,2024-01-03,Wednesday,3,Daily,21596,,0,96,False,,1721
Chase Dittrich and Christina Iverson,Will Shortz,Normal,2024-01-04,Thursday,4,Daily,21557,,0,0,False,,
David P. Williams,Will Shortz,Normal,2024-01-05,Friday,5,Daily,21613,,0,0,False,,
Ben Tolkin and Julian Xiao,Will Shortz,Normal,2024-01-06,Saturday,6,Daily,21611,,0,0,False,,
Michael Schlossberg,Will Shortz,Normal,2024-01-07,Sunday,0,Daily,21552,Gimme a Second!,0,0,False,,
Nate Cardin,Will Shortz,Normal,2024-01-08,Monday,1,Daily,21626,,0,0,False,,
Adam Wagner,Will Shortz,Normal,2024-01-09,Tuesday,2,Daily,21614,,0,0,False,,
Chloe Revery and Alissa Revness,Will Shortz,Normal,2024-01-10,Wednesday,3,Daily,21604,,0,0,False,,
Damon Gulczynski,Will Shortz,Normal,2024-01-11,Thursday,4,Daily,21541,,0,0,False,,
Hemant Mehta,Will Shortz,Normal,2024-01-12,Friday,5,Daily,21620,,0,0,False,,
Hoang-Kim Vu,Will Shortz,Normal,2024-01-13,Saturday,6,Daily,21625,,0,0,False,,
John Kugelman,Will Shortz,Normal,2024-01-14,Sunday,0,Daily,21610,"Er, In Other Words …",0,0,False,,
Peter A. Collins,Will Shortz,Normal,2024-01-15,Monday,1,Daily,21615,,0,0,False,,
Marshal Herrmann,Will Shortz,Normal,2024-01-16,Tuesday,2,Daily,21622,,0,0,False,,
Morton J. Mendelson,Will Shortz,Normal,2024-01-17,Wednesday,3,Daily,21647,,0,0,False,,
Jon Michnovicz and Carl Michnovicz,Will Shortz,Normal,2024-01-18,Thursday,4,Daily,21648,,0,0,False,,
Jacob McDermott,Will Shortz,Normal,2024-01-19,Friday,5,Daily,21645,,0,0,False,,
Caitlin Reid and Matthew Stock,Will Shortz,Normal,2024-01-20,Saturday,6,Daily,21623,,0,0,False,,
John Westwig,Will Shortz,Normal,2024-01-21,Sunday,0,Daily,21639,Funny Business,0,0,False,,
Jake Halperin,Will Shortz,Normal,2024-01-22,Monday,1,Daily,21638,,0,88,False,,788
Patrick Maher,Will Shortz,Normal,2024-01-23,Tuesday,2,Daily,21637,,0,0,False,,
John-Clark Levin,Will Shortz,Normal,2024-01-24,Wednesday,3,Daily,21655,,0,0,False,,
Sam Ezersky,Will Shortz,Normal,2024-01-25,Thursday,4,Daily,21629,,0,0,False,,
Sarah Sinclair and Rafael Musa,Will Shortz,Normal,2024-01-26,Friday,5,Daily,21627,,0,0,False,,
Grace Warrington and Greg Warrington,Will Shortz,Normal,2024-01-27,Saturday,6,Daily,21654,,0,0,False,,
Nathan Hasegawa,Will Shortz,Normal,2024-01-28,Sunday,0,Daily,21649,Hammer Time ,0,0,False,,
Garrett Chalfin and Andrew Kingsley,Will Shortz,Normal,2024-01-29,Monday,1,Daily,21656,,0,91,False,,686
Freddie Cheng,Will Shortz,Normal,2024-01-30,Tuesday,2,Daily,21658,,0,0,False,,
Nathan Hale,Will Shortz,Normal,2024-01-31,Wednesday,3,Daily,21657,,0,0,False,,
Simeon Seigel,Will Shortz,Normal,2024-02-01,Thursday,4,Daily,21660,,0,0,False,,
Ryan Judge,Will Shortz,Normal,2024-02-02,Friday,5,Daily,21662,,0,0,False,,
Carolyn Davies Lynch and Jeff Chen,Will Shortz,Normal,2024-02-03,Saturday,6,Daily,21659,,0,0,False,,
Daniel Grinberg,Will Shortz,Normal,2024-02-04,Sunday,0,Daily,21661,Punch Lines ,0,0,False,,
Desirée Penner and Jeff Sinnock,Will Shortz,Normal,2024-02-05,Monday,1,Daily,21668,,0,0,False,,
Victor Barocas,Will Shortz,Normal,2024-02-06,Tuesday,2,Daily,21667,,0,0,False,,
Daniel Mauer,Will Shortz,Normal,2024-02-07,Wednesday,3,Daily,21678,,0,0,False,,
Samuel A. Donaldson,Will Shortz,Normal,2024-02-08,Thursday,4,Daily,21673,,0,0,False,,
Christina Iverson,Will Shortz,Normal,2024-02-09,Friday,5,Daily,21682,,0,0,False,,
Zhouqin Burnikel,Will Shortz,Normal,2024-02-10,Saturday,6,Daily,21684,,0,0,False,,
Peter Koetters,Will Shortz,Normal,2024-02-11,Sunday,0,Daily,21670,Bright Ideas,0,0,False,,
Jess Shulman and Amie Walker,Will Shortz,Normal,2024-02-12,Monday,1,Daily,21687,,0,0,False,,
Peter Gordon,Will Shortz,Normal,2024-02-13,Tuesday,2,Daily,21688,,0,0,False,,
Ella Dershowitz,Will Shortz,Normal,2024-02-14,Wednesday,3,Daily,21685,,0,0,False,,
Teddy Katz and Rich Katz,Will Shortz,Normal,2024-02-15,Thursday,4,Daily,21674,,0,0,False,,
Colin Adams,Will Shortz,Normal,2024-02-16,Friday,5,Daily,21679,,0,0,False,,
Spencer Leach and Jem Burch,Will Shortz,Normal,2024-02-17,Saturday,6,Daily,21669,,0,0,False,,
Sid Sivakumar,Will Shortz,Normal,2024-02-18,Sunday,0,Daily,21689,The Inside Scoop,0,0,False,,
Adam Wagner,Will Shortz,Normal,2024-02-19,Monday,1,Daily,21699,,0,0,False,,
Robert S. Gard,Will Shortz,Normal,2024-02-20,Tuesday,2,Daily,21711,,0,0,False,,
Jeffrey Martinovic,Will Shortz,Normal,2024-02-21,Wednesday,3,Daily,21698,,0,0,False,,
Dan Schoenholz,Will Shortz,Normal,2024-02-22,Thursday,4,Daily,21686,,0,0,False,,
Larry Snyder,Will Shortz,Normal,2024-02-23,Friday,5,Daily,21690,,0,0,False,,
Rebecca Goldstein and Rafael Musa,Will Shortz,Normal,2024-02-24,Saturday,6,Daily,21700,,0,0,False,,
Scott Hogan and Katie Hale,Will Shortz,Normal,2024-02-25,Sunday,0,Daily,21710,Special Treatment,0,0,False,,
Joe Marquez,Will Shortz,Normal,2024-02-26,Monday,1,Daily,21712,,0,0,False,,
Nate Cardin,Will Shortz,Normal,2024-02-27,Tuesday,2,Daily,21727,,0,0,False,,
Greg Snitkin,Will Shortz,Normal,2024-02-28,Wednesday,3,Daily,21720,,0,0,False,,
Esha Datta,Will Shortz,Normal,2024-02-29,Thursday,4,Daily,21701,,0,0,False,,
Julian Xiao,Will Shortz,Normal,2024-03-01,Friday,5,Daily,21738,,0,0,False,,
Natan Last,Will Shortz,Normal,2024-03-02,Saturday,6,Daily,21732,,0,0,False,,1
Hoang-Kim Vu,Will Shortz,Normal,2024-03-03,Sunday,0,Daily,21743,Countdown,0,0,False,,
Samantha Podos Nowak,Will Shortz,Normal,2024-03-04,Monday,1,Daily,21736,,0,0,False,,
Christina Iverson,Will Shortz,Normal,2024-03-05,Tuesday,2,Daily,21747,,0,0,False,,
Brad Wiegmann,Will Shortz,Normal,2024-03-06,Wednesday,3,Daily,21739,,0,0,False,,
Joe O'Neill,Will Shortz,Normal,2024-03-07,Thursday,4,Daily,21733,,0,0,False,,
Jackson Matz,Will Shortz,Normal,2024-03-08,Friday,5,Daily,21748,,0,0,False,,
John Guzzetta,Will Shortz,Normal,2024-03-09,Saturday,6,Daily,21740,,0,0,False,,
Enrique Henestroza Anguiano and Matthew Stock,Will Shortz,Normal,2024-03-10,Sunday,0,Daily,21757,Rack 'Em Up,0,0,False,,
Rebecca Goldstein and Rachel Fabi,Will Shortz,Normal,2024-03-11,Monday,1,Daily,21763,,0,0,False,,
Andrew Kingsley and Garrett Chalfin,Will Shortz,Normal,2024-03-12,Tuesday,2,Daily,21755,,0,0,False,,
Drew Schmenner,Will Shortz,Normal,2024-03-13,Wednesday,3,Daily,21749,,0,0,False,,
Jeffrey Martinovic,Joel Fagliano,Normal,2024-03-14,Thursday,4,Daily,21758,,0,0,False,,
Daniel Grinberg,Joel Fagliano,Normal,2024-03-15,Friday,5,Daily,21750,,0,0,False,,
Carly Schuna,Joel Fagliano,Normal,2024-03-16,Saturday,6,Daily,21759,,0,0,False,,
Simeon Seigel,Joel Fagliano,Normal,2024-03-17,Sunday,0,Daily,21777,All Over the Map,0,0,False,,
Trent H. Evans,Joel Fagliano,Normal,2024-03-18,Monday,1,Daily,21776,,0,0,False,,
Lynn Lempel,Joel Fagliano,Normal,2024-03-19,Tuesday,2,Daily,21788,,0,0,False,,
E. M. Capassakis,Joel Fagliano,Normal,2024-03-20,Wednesday,3,Daily,21768,,0,0,False,,
Joe Marquez,Joel Fagliano,Normal,2024-03-21,Thursday,4,Daily,21771,,0,0,False,,
Mansi Kothari and Erik Agard,Joel Fagliano,Normal,2024-03-22,Friday,5,Daily,21767,,0,0,False,,
Sam Ezersky,Joel Fagliano,Normal,2024-03-23,Saturday,6,Daily,21754,,0,0,False,,
John Kugelman,Joel Fagliano,Normal,2024-03-24,Sunday,0,Daily,21779,Feeling Possessive,0,0,False,,
Shannon Rapp and Will Eisenberg,Joel Fagliano,Normal,2024-03-25,Monday,1,Daily,21770,,0,0,False,,
Laura Dershewitz and Katherine Baicker,Joel Fagliano,Normal,2024-03-26,Tuesday,2,Daily,21795,,0,0,False,,
Rich Katz,Joel Fagliano,Normal,2024-03-27,Wednesday,3,Daily,21775,,0,0,False,,
Dominic Grillo,Joel Fagliano,Normal,2024-03-28,Thursday,4,Daily,21769,,0,0,False,,
Jake Bunch,Joel Fagliano,Normal,2024-03-29,Friday,5,Daily,21787,,0,0,False,,
Blake Slonecker,Joel Fagliano,Normal,2024-03-30,Saturday,6,Daily,21796,,0,0,False,,
Spencer Leach,Joel Fagliano,Normal,2024-03-31,Sunday,0,Daily,21792,Turns of Phrase,0,0,False,,
Alan Arbesfeld,Joel Fagliano,Normal,2024-04-01,Monday,1,Daily,21790,,0,0,False,,
Billy Bratton,Joel Fagliano,Normal,2024-04-02,Tuesday,2,Daily,21797,,0,0,False,,
Alex Eaton-Salners,Joel Fagliano,Normal,2024-04-03,Wednesday,3,Daily,21765,,0,0,False,,
Kevin Curry,Joel Fagliano,Normal,2024-04-04,Thursday,4,Daily,21791,,0,0,False,,
Rebecca Goldstein,Joel Fagliano,Normal,2024-04-05,Friday,5,Daily,21798,,0,0,False,,
Byron Walden,Joel Fagliano,Normal,2024-04-06,Saturday,6,Daily,21820,,0,0,False,,
Tracy Gray,Joel Fagliano,Normal,2024-04-07,Sunday,0,Daily,21802,Double Duty,0,0,False,,
Peter Gordon,Joel Fagliano,Normal,2024-04-08,Monday,1,Daily,21801,,0,100,True,,891
Caroline Sommers and Freddie Cheng,Joel Fagliano,Normal,2024-04-09,Tuesday,2,Daily,21799,,0,100,True,,1275
Bill Thompson,Joel Fagliano,Normal,2024-04-10,Wednesday,3,Daily,21789,,0,0,False,,
Dan Caprera,Joel Fagliano,Normal,2024-04-11,Thursday,4,Daily,21812,,0,0,False,,
Evan Kalish,Joel Fagliano,Normal,2024-04-12,Friday,5,Daily,21805,,0,0,False,,
Jess Rucks,Joel Fagliano,Normal,2024-04-13,Saturday,6,Daily,21821,,0,0,False,,
John Rippe and Jeff Chen,Joel Fagliano,Normal,2024-04-14,Sunday,0,Daily,21819,Savings Plan,0,0,False,,
Amanda Winters,Joel Fagliano,Normal,2024-04-15,Monday,1,Daily,21814,,0,100,True,,1134
Adam Vincent,Joel Fagliano,Normal,2024-04-16,Tuesday,2,Daily,21829,,0,100,True,,1012
Joseph Gangi,Joel Fagliano,Normal,2024-04-17,Wednesday,3,Daily,21816,,0,0,False,,
David Kwong,Joel Fagliano,Normal,2024-04-18,Thursday,4,Daily,21837,,0,0,False,,
Kate Hawkins,Joel Fagliano,Normal,2024-04-19,Friday,5,Daily,21836,,0,0,False,,
Garrett Chalfin and Andrew Kingsley,Joel Fagliano,Normal,2024-04-20,Saturday,6,Daily,21817,,0,0,False,,
Michael Schlossberg,Joel Fagliano,Normal,2024-04-21,Sunday,0,Daily,21830,Get Cracking,0,0,False,,
David J. Kahn,Joel Fagliano,Normal,2024-04-22,Monday,1,Daily,21842,,0,99,False,,934
Judy Bowers,Joel Fagliano,Normal,2024-04-23,Tuesday,2,Daily,21843,,0,11,False,,106
Jeffrey Martinovic,Joel Fagliano,Normal,2024-04-24,Wednesday,3,Daily,21831,,0,0,False,,
Hanh Huynh,Joel Fagliano,Normal,2024-04-25,Thursday,4,Daily,21841,,0,0,False,,
Matthew Stock and Christina Iverson,Joel Fagliano,Normal,2024-04-26,Friday,5,Daily,21846,,0,0,False,,
Rich Norris,Joel Fagliano,Normal,2024-04-27,Saturday,6,Daily,21848,,0,0,False,,
Mike Ellison,Joel Fagliano,Normal,2024-04-28,Sunday,0,Daily,21844,The Sounds of Music,0,0,False,,
Tom Locke,Joel Fagliano,Normal,2024-04-29,Monday,1,Daily,21873,,0,0,False,,
Michčle Govier,Joel Fagliano,Normal,2024-04-30,Tuesday,2,Daily,21874,,0,0,False,,
Juliana Tringali Golden,Joel Fagliano,Normal,2024-05-01,Wednesday,3,Daily,21854,,0,0,False,,
Brandon Koppy,Joel Fagliano,Normal,2024-05-02,Thursday,4,Daily,21855,,0,0,False,,
Eli Cotham,Joel Fagliano,Normal,2024-05-03,Friday,5,Daily,21880,,0,0,False,,
Jacob McDermott,Joel Fagliano,Normal,2024-05-04,Saturday,6,Daily,21800,,0,0,False,,
Daniel Bodily,Joel Fagliano,Normal,2024-05-05,Sunday,0,Daily,21865,From the Astronaut's Logbook,0,0,False,,
Malaika Handa,Joel Fagliano,Normal,2024-05-06,Monday,1,Daily,21893,,0,0,False,,
Justin Werfel,Joel Fagliano,Normal,2024-05-07,Tuesday,2,Daily,21884,,0,0,False,,
Michael Schlossberg,Joel Fagliano,Normal,2024-05-08,Wednesday,3,Daily,21887,,0,0,False,,
Joe DiPietro,Joel Fagliano,Normal,2024-05-09,Thursday,4,Daily,21894,,0,0,False,,
Jesse Cohn,Joel Fagliano,Normal,2024-05-10,Friday,5,Daily,21891,,0,0,False,,
Billy Bratton,Joel Fagliano,Normal,2024-05-11,Saturday,6,Daily,21856,,0,0,False,,
Avery Gee Katz,Joel Fagliano,Normal,2024-05-12,Sunday,0,Daily,21889,Pixar Box Set,0,0,False,,
Jeremy Newton,Joel Fagliano,Normal,2024-05-13,Monday,1,Daily,21916,,0,100,True,,726
Alex Eaton-Salners,Joel Fagliano,Normal,2024-05-14,Tuesday,2,Daily,21895,,0,0,False,,
MaryEllen Uthlaut,Joel Fagliano,Normal,2024-05-15,Wednesday,3,Daily,21917,,0,0,False,,
Sara Muchnick,Joel Fagliano,Normal,2024-05-16,Thursday,4,Daily,21898,,0,0,False,,
Hemant Mehta,Joel Fagliano,Normal,2024-05-17,Friday,5,Daily,21896,,0,0,False,,
Adrian Johnson,Joel Fagliano,Normal,2024-05-18,Saturday,6,Daily,21815,,0,0,False,,
Christina Iverson and Katie Hale,Joel Fagliano,Normal,2024-05-19,Sunday,0,Daily,21897,Hold Your Doze,0,0,False,,
Jack Scherban,Joel Fagliano,Normal,2024-05-20,Monday,1,Daily,21892,,0,100,True,,493
Zachary David Levy,Joel Fagliano,Normal,2024-05-21,Tuesday,2,Daily,21918,,0,0,False,,
Martin Schneider,Joel Fagliano,Normal,2024-05-22,Wednesday,3,Daily,21928,,0,0,False,,
Adam Wagner,Joel Fagliano,Normal,2024-05-23,Thursday,4,Daily,21921,,0,0,False,,
Carolyn Davies Lynch,Joel Fagliano,Normal,2024-05-24,Friday,5,Daily,21919,,0,0,False,,
David P. Williams,Joel Fagliano,Normal,2024-05-25,Saturday,6,Daily,21929,,0,0,False,,
John Kugelman,Joel Fagliano,Normal,2024-05-26,Sunday,0,Daily,21920,Roughly Speaking,0,0,False,,
Christopher Youngs,Joel Fagliano,Normal,2024-05-27,Monday,1,Daily,21925,,0,100,True,,1005
Chris Leatherberry,Joel Fagliano,Normal,2024-05-28,Tuesday,2,Daily,21927,,0,80,False,,824
Jeanne Breen and Jeff Chen,Joel Fagliano,Normal,2024-05-29,Wednesday,3,Daily,21931,,0,0,False,,
Royce Ferguson,Joel Fagliano,Normal,2024-05-30,Thursday,4,Daily,21922,,0,0,False,,
Aidan Deshong,Joel Fagliano,Normal,2024-05-31,Friday,5,Daily,21955,,0,0,False,,
Eric Warren,Joel Fagliano,Normal,2024-06-01,Saturday,6,Daily,21930,,0,0,False,,
Luke K. Schreiber,Joel Fagliano,Normal,2024-06-02,Sunday,0,Daily,21937,Typecasting,0,0,False,,
Alana Platt,Joel Fagliano,Normal,2024-06-03,Monday,1,Daily,21963,,0,100,False,,845
Daniel Bodily,Joel Fagliano,Normal,2024-06-04,Tuesday,2,Daily,21948,,0,0,False,,
David Rockow,Joel Fagliano,Normal,2024-06-05,Wednesday,3,Daily,21903,,0,0,False,,
Michael Lieberman,Joel Fagliano,Normal,2024-06-06,Thursday,4,Daily,21940,,0,0,False,,
Alice Liang and Christina Iverson,Joel Fagliano,Normal,2024-06-07,Friday,5,Daily,21939,,0,0,False,,
Daniel Sheremeta,Joel Fagliano,Normal,2024-06-08,Saturday,6,Daily,21974,,0,0,False,,
Zachary Schiff,Joel Fagliano,Normal,2024-06-09,Sunday,0,Daily,21956,Quiet Time,0,0,False,,
Kareem Ayas,Joel Fagliano,Normal,2024-06-10,Monday,1,Daily,21960,,0,100,True,,1275
Chloe Revery,Joel Fagliano,Normal,2024-06-11,Tuesday,2,Daily,21961,,0,0,False,,
Simeon Seigel,Joel Fagliano,Normal,2024-06-12,Wednesday,3,Daily,21962,,0,0,False,,
Kevin Curry,Joel Fagliano,Normal,2024-06-13,Thursday,4,Daily,21976,,0,0,False,,
Robyn Weintraub,Joel Fagliano,Normal,2024-06-14,Friday,5,Daily,21977,,0,0,False,,
Ryan Judge,Joel Fagliano,Normal,2024-06-15,Saturday,6,Daily,21964,,0,0,False,,
Chandi Deitmer and Wyna Liu,Joel Fagliano,Normal,2024-06-16,Sunday,0,Daily,21975,Connections,0,0,False,,
Kiran Pandey,Joel Fagliano,Normal,2024-06-17,Monday,1,Daily,21979,,0,100,True,Gold,837
Aaron M. Rosenberg,Joel Fagliano,Normal,2024-06-18,Tuesday,2,Daily,21978,,0,0,False,,
Brad Wiegmann,Joel Fagliano,Normal,2024-06-19,Wednesday,3,Daily,21995,,0,0,False,,
Ella Dershowitz,Joel Fagliano,Normal,2024-06-20,Thursday,4,Daily,21981,,0,0,False,,
Billy Bratton,Joel Fagliano,Normal,2024-06-21,Friday,5,Daily,21980,,0,0,False,,
Hoang-Kim Vu,Joel Fagliano,Normal,2024-06-22,Saturday,6,Daily,21973,,0,0,False,,
Michael Schlossberg,Joel Fagliano,Normal,2024-06-23,Sunday,0,Daily,21991,Picture Day,0,0,False,,
Anthony V. Grubb,Joel Fagliano,Normal,2024-06-24,Monday,1,Daily,22006,,0,100,True,,1031
Seth Bisen-Hersh and Jeff Chen,Joel Fagliano,Normal,2024-06-25,Tuesday,2,Daily,22016,,0,0,False,,
Rebecca Goldstein,Joel Fagliano,Normal,2024-06-26,Wednesday,3,Daily,22001,,0,0,False,,
Paolo Pasco and Sarah Sinclair,Joel Fagliano,Normal,2024-06-27,Thursday,4,Daily,21997,,0,0,False,,
Enrique Henestroza Anguiano,Joel Fagliano,Normal,2024-06-28,Friday,5,Daily,22011,,0,0,False,,
Adrian Johnson and Rafael Musa,Joel Fagliano,Normal,2024-06-29,Saturday,6,Daily,22018,,0,0,False,,
Ginny Too,Joel Fagliano,Normal,2024-06-30,Sunday,0,Daily,22013,Misstated,0,0,False,,
Margi Stevenson,Joel Fagliano,Normal,2024-07-01,Monday,1,Daily,22027,,0,100,True,,585
Josh Goodman,Joel Fagliano,Normal,2024-07-02,Tuesday,2,Daily,22014,,0,0,False,,
Juliana Tringali Golden,Joel Fagliano,Normal,2024-07-03,Wednesday,3,Daily,22017,,0,0,False,,
Adam Vincent,Joel Fagliano,Normal,2024-07-04,Thursday,4,Daily,22041,,0,0,False,,
Trent H. Evans,Joel Fagliano,Normal,2024-07-05,Friday,5,Daily,22028,,0,0,False,,
Evans Clinchy,Joel Fagliano,Normal,2024-07-06,Saturday,6,Daily,22000,,0,0,False,,
David Karp,Joel Fagliano,Normal,2024-07-07,Sunday,0,Daily,22033,Double Digits,0,0,False,,
Daniel Bodily and Andrea Carla Michaels,Joel Fagliano,Normal,2024-07-08,Monday,1,Daily,22029,,0,100,True,,1088
Gary Larson and Amy Ensz,Joel Fagliano,Normal,2024-07-09,Tuesday,2,Daily,22032,,0,88,False,,913
Hal Moore,Joel Fagliano,Normal,2024-07-10,Wednesday,3,Daily,22031,,0,0,False,,
Mat Shelden,Joel Fagliano,Normal,2024-07-11,Thursday,4,Daily,22015,,0,0,False,,
Malaika Handa,Joel Fagliano,Normal,2024-07-12,Friday,5,Daily,22043,,0,0,False,,
Eli Cotham,Joel Fagliano,Normal,2024-07-13,Saturday,6,Daily,22044,,0,0,False,,
Jeff Chen,Joel Fagliano,Normal,2024-07-14,Sunday,0,Daily,22030,It Goes Both Ways,0,0,False,,
Tarun Krishnamurthy,Joel Fagliano,Normal,2024-07-15,Monday,1,Daily,22048,,0,100,True,,427
Kelly Richardson,Joel Fagliano,Normal,2024-07-16,Tuesday,2,Daily,22058,,0,100,True,,1125
Alex Eaton-Salners,Joel Fagliano,Normal,2024-07-17,Wednesday,3,Daily,21998,,0,0,False,,
Kareem Ayas,Joel Fagliano,Normal,2024-07-18,Thursday,4,Daily,22046,,0,0,False,,
Jacob McDermott,Joel Fagliano,Normal,2024-07-19,Friday,5,Daily,22045,,0,0,False,,
Ricky J. Sirois,Joel Fagliano,Normal,2024-07-20,Saturday,6,Daily,22047,,0,0,False,,
John Ewbank,Joel Fagliano,Normal,2024-07-21,Sunday,0,Daily,22050,In My Defense ...,0,0,False,,
Laura Dershewitz,Joel Fagliano,Normal,2024-07-22,Monday,1,Daily,22083,,0,87,False,,857
Sarah Sinclair and Amie Walker,Joel Fagliano,Normal,2024-07-23,Tuesday,2,Daily,22072,,0,0,False,,
Shaun Phillips,Joel Fagliano,Normal,2024-07-24,Wednesday,3,Daily,22049,,0,0,False,,
Damon Gulczynski,Joel Fagliano,Normal,2024-07-25,Thursday,4,Daily,22073,,0,0,False,,
Andy Kravis,Joel Fagliano,Normal,2024-07-26,Friday,5,Daily,22074,,0,0,False,,
Barbara Lin and Matthew Stock,Joel Fagliano,Normal,2024-07-27,Saturday,6,Daily,22077,,0,0,False,,
Paolo Pasco,Joel Fagliano,Normal,2024-07-28,Sunday,0,Daily,22061,The Big Five-O,0,0,False,,
Jeffrey Lease,Joel Fagliano,Normal,2024-07-29,Monday,1,Daily,22086,,0,100,True,,527
Jeffrey Martinovic and Will Nediger,Joel Fagliano,Normal,2024-07-30,Tuesday,2,Daily,22084,,0,0,False,,
Jackson Matz and Ben Matz,Joel Fagliano,Normal,2024-07-31,Wednesday,3,Daily,22085,,0,0,False,,
Rajeswari Rajamani,Joel Fagliano,Normal,2024-08-01,Thursday,4,Daily,22092,,0,0,False,,
Kate Chin Park,Joel Fagliano,Normal,2024-08-02,Friday,5,Daily,22093,,0,0,False,,
Rich Norris,Joel Fagliano,Normal,2024-08-03,Saturday,6,Daily,22094,,0,0,False,,
Scott Hogan and Katie Hale,Joel Fagliano,Normal,2024-08-04,Sunday,0,Daily,22087,"Weather, Man!",0,0,False,,
Andy Walker,Joel Fagliano,Normal,2024-08-05,Monday,1,Daily,22101,,0,100,True,,667
Daniel Raymon,Joel Fagliano,Normal,2024-08-06,Tuesday,2,Daily,22113,,0,72,False,,680
Meghan Morris,Joel Fagliano,Normal,2024-08-07,Wednesday,3,Daily,22096,,0,0,False,,
Christopher Youngs,Joel Fagliano,Normal,2024-08-08,Thursday,4,Daily,22109,,0,0,False,,
Hemant Mehta,Joel Fagliano,Normal,2024-08-09,Friday,5,Daily,22114,,0,0,False,,
Spencer Leach,Joel Fagliano,Normal,2024-08-10,Saturday,6,Daily,22110,,0,0,False,,
Caryn Robbins,Joel Fagliano,Normal,2024-08-11,Sunday,0,Daily,22098,Take the El Train,0,0,False,,
Shaun Phillips,Joel Fagliano,Normal,2024-08-12,Monday,1,Daily,22119,,0,100,True,,1152
Benjamin Panico,Joel Fagliano,Normal,2024-08-13,Tuesday,2,Daily,22118,,0,0,False,,
Samuel A. Donaldson,Joel Fagliano,Normal,2024-08-14,Wednesday,3,Daily,22122,,0,0,False,,
Damon Gulczynski,Joel Fagliano,Normal,2024-08-15,Thursday,4,Daily,22117,,0,0,False,,
Kate Hawkins,Joel Fagliano,Normal,2024-08-16,Friday,5,Daily,22095,,0,0,False,,
Brandon Koppy,Joel Fagliano,Normal,2024-08-17,Saturday,6,Daily,22120,,0,0,False,,
Rebecca Goldstein and Will Nediger,Joel Fagliano,Normal,2024-08-18,Sunday,0,Daily,22129,For Your Amusement,0,0,False,,
Kenneth Cortes,Joel Fagliano,Normal,2024-08-19,Monday,1,Daily,22133,,0,100,True,Gold,1006
Sam Buchbinder,Joel Fagliano,Normal,2024-08-20,Tuesday,2,Daily,22139,,0,0,False,,
Stacey Yaruss McCullough,Joel Fagliano,Normal,2024-08-21,Wednesday,3,Daily,22130,,0,0,False,,
Brad Wiegmann,Joel Fagliano,Normal,2024-08-22,Thursday,4,Daily,22137,,0,0,False,,
Taylor Johnson and Rafael Musa,Joel Fagliano,Normal,2024-08-23,Friday,5,Daily,22131,,0,0,False,,
Ryan McCarty,Joel Fagliano,Normal,2024-08-24,Saturday,6,Daily,22138,,0,0,False,,
John Kugelman,Joel Fagliano,Normal,2024-08-25,Sunday,0,Daily,22134,Is There an Echo in Here?,0,0,False,,
Zachary David Levy,Joel Fagliano,Normal,2024-08-26,Monday,1,Daily,22159,,0,0,False,,
Julia Hoepner,Joel Fagliano,Normal,2024-08-27,Tuesday,2,Daily,22152,,0,0,False,,
Jesse Goldberg,Joel Fagliano,Normal,2024-08-28,Wednesday,3,Daily,22158,,0,0,False,,
Simeon Seigel,Joel Fagliano,Normal,2024-08-29,Thursday,4,Daily,22160,,0,0,False,,
Colin Adams,Joel Fagliano,Normal,2024-08-30,Friday,5,Daily,22132,,0,0,False,,
Sam Ezersky,Joel Fagliano,Normal,2024-08-31,Saturday,6,Daily,22161,,0,0,False,,
Chandi Deitmer and Matthew Stock,Joel Fagliano,Normal,2024-09-01,Sunday,0,Daily,22163,Product Integration,0,0,False,,
Sala Wanetick and Emily Biegas,Joel Fagliano,Normal,2024-09-02,Monday,1,Daily,22170,,0,100,True,,1128
Alex Eaton-Salners,Joel Fagliano,Normal,2024-09-03,Tuesday,2,Daily,22097,,0,100,True,,1258
Kareem Ayas,Joel Fagliano,Normal,2024-09-04,Wednesday,3,Daily,22186,,0,0,False,,
Joe Deeney,Joel Fagliano,Normal,2024-09-05,Thursday,4,Daily,22172,,0,0,False,,
Adrian Johnson,Joel Fagliano,Normal,2024-09-06,Friday,5,Daily,22162,,0,0,False,,
David P. Williams,Joel Fagliano,Normal,2024-09-07,Saturday,6,Daily,22174,,0,0,False,,
Meghan Morris,Joel Fagliano,Normal,2024-09-08,Sunday,0,Daily,22199,Life Milestones,0,0,False,,
Tim D'Alfonso,Joel Fagliano,Normal,2024-09-09,Monday,1,Daily,22197,,0,0,False,,
Daniel Bodily,Joel Fagliano,Normal,2024-09-10,Tuesday,2,Daily,22182,,0,0,False,,
Barbara Lin,Joel Fagliano,Normal,2024-09-11,Wednesday,3,Daily,22198,,0,0,False,,
Parker Higgins,Joel Fagliano,Normal,2024-09-12,Thursday,4,Daily,22184,,0,0,False,,
Boaz Moser,Joel Fagliano,Normal,2024-09-13,Friday,5,Daily,22185,,0,0,False,,
Christina Iverson,Joel Fagliano,Normal,2024-09-14,Saturday,6,Daily,22183,,0,0,False,,
Aimee Lucido,Joel Fagliano,Normal,2024-09-15,Sunday,0,Daily,22200,One for the Books,0,0,False,,
Robert Corridan,Joel Fagliano,Normal,2024-09-16,Monday,1,Daily,22201,,0,100,True,,1131
Howard Neuthaler,Joel Fagliano,Normal,2024-09-17,Tuesday,2,Daily,22211,,0,0,False,,
Casey Callaghan and Will Nediger,Joel Fagliano,Normal,2024-09-18,Wednesday,3,Daily,22208,,0,0,False,,
Josh Goodman,Joel Fagliano,Normal,2024-09-19,Thursday,4,Daily,22202,,0,0,False,,
Jackson Matz,Joel Fagliano,Normal,2024-09-20,Friday,5,Daily,22203,,0,0,False,,
David Karp,Joel Fagliano,Normal,2024-09-21,Saturday,6,Daily,22209,,0,0,False,,
Jeremy Newton and Tracy Gray,Joel Fagliano,Normal,2024-09-22,Sunday,0,Daily,22173,Breakout Performance,0,0,False,,
Freddie Cheng,Joel Fagliano,Normal,2024-09-23,Monday,1,Daily,22224,,0,100,True,,625
Kevin L. Shellito,Joel Fagliano,Normal,2024-09-24,Tuesday,2,Daily,22217,,0,100,True,Gold,890
Peter Gordon,Joel Fagliano,Normal,2024-09-25,Wednesday,3,Daily,22226,,0,100,True,,2749
Jesse Guzman,Joel Fagliano,Normal,2024-09-26,Thursday,4,Daily,22225,,0,0,False,,
Jake Bunch,Joel Fagliano,Normal,2024-09-27,Friday,5,Daily,22223,,0,0,False,,
Margaret Seikel,Joel Fagliano,Normal,2024-09-28,Saturday,6,Daily,22219,,0,0,False,,
Joe Deeney,Joel Fagliano,Normal,2024-09-29,Sunday,0,Daily,22227,The Ayes Have It,0,0,False,,
Alexander Liebeskind,Joel Fagliano,Normal,2024-09-30,Monday,1,Daily,22246,,0,100,True,Gold,864
Kevin Curry and Jeff Chen,Joel Fagliano,Normal,2024-10-01,Tuesday,2,Daily,22245,,0,100,False,,2193
Luke K. Schreiber,Joel Fagliano,Normal,2024-10-02,Wednesday,3,Daily,22243,,0,0,False,,
Rena Cohen,Joel Fagliano,Normal,2024-10-03,Thursday,4,Daily,22247,,0,0,False,,
Zhouqin Burnikel,Joel Fagliano,Normal,2024-10-04,Friday,5,Daily,22238,,0,0,False,,
Natan Last,Joel Fagliano,Normal,2024-10-05,Saturday,6,Daily,22244,,0,0,False,,
John Kugelman,Joel Fagliano,Normal,2024-10-06,Sunday,0,Daily,22105,Teacher's Marks,0,0,False,,
Desirée Penner and Jeff Sinnock,Joel Fagliano,Normal,2024-10-07,Monday,1,Daily,22248,,0,100,True,,777
Justin Werfel,Joel Fagliano,Normal,2024-10-08,Tuesday,2,Daily,22252,,0,0,False,,
Jeffrey Lease,Joel Fagliano,Normal,2024-10-09,Wednesday,3,Daily,22250,,0,0,False,,
Grant Boroughs,Joel Fagliano,Normal,2024-10-10,Thursday,4,Daily,22249,,0,0,False,,
Billy Bratton,Joel Fagliano,Normal,2024-10-11,Friday,5,Daily,22251,,0,0,False,,
Katie Hoody,Joel Fagliano,Normal,2024-10-12,Saturday,6,Daily,22253,,0,0,False,,
Gary Larson and Doug Peterson,Joel Fagliano,Normal,2024-10-13,Sunday,0,Daily,22235,Manual Dexterity,0,0,False,,
Dana Edwards,Joel Fagliano,Normal,2024-10-14,Monday,1,Daily,22274,,0,88,False,,433
Lindsay Rosenblum,Joel Fagliano,Normal,2024-10-15,Tuesday,2,Daily,22284,,0,73,False,,738
Hanh Huynh,Joel Fagliano,Normal,2024-10-16,Wednesday,3,Daily,22257,,0,0,False,,
August Lee-Kovach,Joel Fagliano,Normal,2024-10-17,Thursday,4,Daily,22265,,0,0,False,,
Jesse Cohn,Joel Fagliano,Normal,2024-10-18,Friday,5,Daily,22285,,0,0,False,,
August Miller,Joel Fagliano,Normal,2024-10-19,Saturday,6,Daily,22275,,0,0,False,,
Jerry Miccolis,Joel Fagliano,Normal,2024-10-20,Sunday,0,Daily,22254,Triple Features,0,0,False,,
Neil Padrick Wilson,Joel Fagliano,Normal,2024-10-21,Monday,1,Daily,22293,,0,100,True,Gold,929
Barbara Lin,Joel Fagliano,Normal,2024-10-22,Tuesday,2,Daily,22298,,0,100,True,Gold,1597
Matthew Stock and Brooke Husic,Joel Fagliano,Normal,2024-10-23,Wednesday,3,Daily,22286,,0,100,True,Gold,2456
Ella Dershowitz,Joel Fagliano,Normal,2024-10-24,Thursday,4,Daily,22276,,0,100,True,,2654
Alex Murphy,Joel Fagliano,Normal,2024-10-25,Friday,5,Daily,22299,,0,0,False,,10
Peter A. Collins,Joel Fagliano,Normal,2024-10-26,Saturday,6,Daily,22296,,0,0,False,,
Jeffrey Martinovic and Jeff Chen,Joel Fagliano,Normal,2024-10-27,Sunday,0,Daily,22292,Working the Night Shift,0,0,False,,30
Michael Lieberman,Joel Fagliano,Normal,2024-10-28,Monday,1,Daily,22332,,0,100,True,Gold,365
Kathy Lowden,Joel Fagliano,Normal,2024-10-29,Tuesday,2,Daily,22310,,0,100,True,,1644
Josh M. Kaufmann,Joel Fagliano,Normal,2024-10-30,Wednesday,3,Daily,22294,,0,100,True,,1780
Sarah Sinclair and Paolo Pasco,Joel Fagliano,Normal,2024-10-31,Thursday,4,Daily,22322,,0,0,False,,
Spencer Leach,Joel Fagliano,Normal,2024-11-01,Friday,5,Daily,22323,,0,0,False,,
Blake Slonecker,Joel Fagliano,Normal,2024-11-02,Saturday,6,Daily,22318,,0,0,False,,
Sid Sivakumar,Joel Fagliano,Normal,2024-11-03,Sunday,0,Daily,22309,Can I Have a Raise?,0,0,False,,
Colin Adams,Joel Fagliano,Normal,2024-11-04,Monday,1,Daily,22319,,0,100,True,,709
Evan Kalish,Joel Fagliano,Normal,2024-11-05,Tuesday,2,Daily,22287,,0,0,False,,
Adam Aaronson,Joel Fagliano,Normal,2024-11-06,Wednesday,3,Daily,22297,,0,0,False,,
Joe Deeney,Joel Fagliano,Normal,2024-11-07,Thursday,4,Daily,22340,,0,0,False,,
Evans Clinchy,Joel Fagliano,Normal,2024-11-08,Friday,5,Daily,22351,,0,0,False,,
Chandi Deitmer and Hoang-Kim Vu,Joel Fagliano,Normal,2024-11-09,Saturday,6,Daily,22343,,0,0,False,,
Sam Ezersky,Joel Fagliano,Normal,2024-11-10,Sunday,0,Daily,22329,From Start to Finish,0,0,False,,
Patrick Gramza and John Kugelman,Joel Fagliano,Normal,2024-11-11,Monday,1,Daily,22321,,0,100,True,,680
Avery Gee Katz and Aaron Gee,Joel Fagliano,Normal,2024-11-12,Tuesday,2,Daily,22339,,0,0,False,,
Todd Gross,Joel Fagliano,Normal,2024-11-13,Wednesday,3,Daily,22347,,0,0,False,,
Matthew Faiella,Joel Fagliano,Normal,2024-11-14,Thursday,4,Daily,22288,,0,0,False,,
Alina Abidi,Joel Fagliano,Normal,2024-11-15,Friday,5,Daily,22356,,0,0,False,,
Peter Gordon,Joel Fagliano,Normal,2024-11-16,Saturday,6,Daily,22350,,0,0,False,,
Rebecca Goldstein and Ariela Perlman,Joel Fagliano,Normal,2024-11-17,Sunday,0,Daily,22330,Nothing But Blue Skies,0,0,False,,
Rajeswari Rajamani,Joel Fagliano,Normal,2024-11-18,Monday,1,Daily,22345,,0,99,False,,1124
Erik Agard,Joel Fagliano,Normal,2024-11-19,Tuesday,2,Daily,22373,,0,0,False,,
Robert S. Gard,Joel Fagliano,Normal,2024-11-20,Wednesday,3,Daily,22361,,0,0,False,,
Katie Hoody,Joel Fagliano,Normal,2024-11-21,Thursday,4,Daily,22374,,0,0,False,,
Sarah Sinclair and Rafael Musa,Joel Fagliano,Normal,2024-11-22,Friday,5,Daily,22371,,0,0,False,,
Ryan McCarty,Joel Fagliano,Normal,2024-11-23,Saturday,6,Daily,22376,,0,0,False,,
Alex Eaton-Salners,Joel Fagliano,Normal,2024-11-24,Sunday,0,Daily,22352,Shape Up or Ship Out,0,0,False,,
Dena R. Witkes,Joel Fagliano,Normal,2024-11-25,Monday,1,Daily,22362,,0,100,True,Gold,649
Killian Olson,Joel Fagliano,Normal,2024-11-26,Tuesday,2,Daily,22370,,0,100,True,Gold,1029
Jill Singer,Joel Fagliano,Normal,2024-11-27,Wednesday,3,Daily,22398,,0,100,True,,1964
Ricky J. Sirois,Joel Fagliano,Normal,2024-11-28,Thursday,4,Daily,22397,,0,56,False,,1105
Willa Angel Chen Miller and Matthew Stock,Joel Fagliano,Normal,2024-11-29,Friday,5,Daily,22378,,0,0,False,,
Oliver Goodridge and Juan Garavito,Joel Fagliano,Normal,2024-11-30,Saturday,6,Daily,22379,,0,0,False,,
John Lieb,Joel Fagliano,Normal,2024-12-01,Sunday,0,Daily,22375,Drive Around the Block,0,0,False,,
Andrea Carla Michaels and Kevin Christian,Joel Fagliano,Normal,2024-12-02,Monday,1,Daily,22409,,0,100,True,Gold,787
Henry Lin-David,Joel Fagliano,Normal,2024-12-03,Tuesday,2,Daily,22372,,0,100,True,Gold,866
Daniel Raymon,Joel Fagliano,Normal,2024-12-04,Wednesday,3,Daily,22416,,0,0,False,,
Garrett Chalfin,Joel Fagliano,Normal,2024-12-05,Thursday,4,Daily,22405,,0,0,False,,
Robyn Weintraub,Joel Fagliano,Normal,2024-12-06,Friday,5,Daily,22396,,0,0,False,,
Luke K. Schreiber,Joel Fagliano,Normal,2024-12-07,Saturday,6,Daily,22404,,0,0,False,,
John Kugelman,Joel Fagliano,Normal,2024-12-08,Sunday,0,Daily,22406,Just for Fun,0,0,False,,
Elliot Caroll,Joel Fagliano,Normal,2024-12-09,Monday,1,Daily,22400,,0,100,True,Gold,647
Brian Callahan and Geoffrey Schorkopf,Joel Fagliano,Normal,2024-12-10,Tuesday,2,Daily,22402,,0,100,True,Gold,1069
Kathy Bloomer and Jeff Chen,Joel Fagliano,Normal,2024-12-11,Wednesday,3,Daily,22395,,0,100,True,Gold,1258
Daniel Bodily,Joel Fagliano,Normal,2024-12-12,Thursday,4,Daily,22401,,0,100,True,,2500
Ryan Patrick Smith,Joel Fagliano,Normal,2024-12-13,Friday,5,Daily,22415,,0,0,False,,
Owen Bergstein,Joel Fagliano,Normal,2024-12-14,Saturday,6,Daily,22417,,0,0,False,,
David Kwong,Joel Fagliano,Normal,2024-12-15,Sunday,0,Daily,22414,Art Heist,0,0,False,,
Ailee Yoshida,Joel Fagliano,Normal,2024-12-16,Monday,1,Daily,22411,,0,100,True,,691
Kathy Lowden,Joel Fagliano,Normal,2024-12-17,Tuesday,2,Daily,22434,,0,100,True,,1371
Jeffrey Martinovic and Will Nediger,Joel Fagliano,Normal,2024-12-18,Wednesday,3,Daily,22380,,0,98,False,,2269
Brandon Koppy,Joel Fagliano,Normal,2024-12-19,Thursday,4,Daily,22440,,0,0,False,,
Henry Josephson,Joel Fagliano,Normal,2024-12-20,Friday,5,Daily,22441,,0,0,False,,
Barbara Lin and Lewis Rothlein,Joel Fagliano,Normal,2024-12-21,Saturday,6,Daily,22432,,0,0,False,,
Adrian Johnson,Joel Fagliano,Normal,2024-12-22,Sunday,0,Daily,22433,Go With the Flow,0,0,False,,
Glenn Cook,Joel Fagliano,Normal,2024-12-23,Monday,1,Daily,22431,,0,100,True,,1599
Sarah Sinclair,Joel Fagliano,Normal,2024-12-24,Tuesday,2,Daily,22435,,0,100,True,,1956
Jacob McDermott,Joel Fagliano,Normal,2024-12-25,Wednesday,3,Daily,22443,,0,0,False,,15
Ella Dershowitz,Joel Fagliano,Normal,2024-12-26,Thursday,4,Daily,22456,,0,0,False,,
Jem Burch,Joel Fagliano,Normal,2024-12-27,Friday,5,Daily,22457,,0,0,False,,
Sam Berriman,Joel Fagliano,Normal,2024-12-28,Saturday,6,Daily,22455,,0,0,False,,
Harry Zheng,Joel Fagliano,Normal,2024-12-29,Sunday,0,Daily,22460,Multi-Hyphenates,0,0,False,,
Hannah Binney,Will Shortz,Normal,2024-12-30,Monday,1,Daily,22289,,0,100,True,,750
Michael Lieberman,Will Shortz,Normal,2024-12-31,Tuesday,2,Daily,22290,,0,100,True,Gold,760
Seth Bisen-Hersh and Jeff Chen,Will Shortz,Normal,2025-01-01,Wednesday,3,Daily,22291,,0,100,True,Gold,1818
Robert Charlton,Will Shortz,Normal,2025-01-02,Thursday,4,Daily,22295,,0,100,True,,2032
Colin Adams,Will Shortz,Normal,2025-01-03,Friday,5,Daily,22324,,0,0,False,,
Sam Ezersky,Will Shortz,Normal,2025-01-04,Saturday,6,Daily,22333,,0,0,False,,
Kareem Ayas,Will Shortz,Normal,2025-01-05,Sunday,0,Daily,22484,All Things Change,0,0,False,,
Rena Cohen,Will Shortz,Normal,2025-01-06,Monday,1,Daily,22317,,0,100,True,Gold,766
Dana Edwards,Will Shortz,Normal,2025-01-07,Tuesday,2,Daily,22315,,0,100,True,,2154
Laura Dershewitz,Will Shortz,Normal,2025-01-08,Wednesday,3,Daily,22316,,0,100,True,,2348
David P. Williams,Will Shortz,Normal,2025-01-09,Thursday,4,Daily,22320,,0,0,False,,
Robert Logan,Will Shortz,Normal,2025-01-10,Friday,5,Daily,22341,,0,0,False,,
Ryan McCarty,Will Shortz,Normal,2025-01-11,Saturday,6,Daily,22334,,0,0,False,,
Jeffrey Martinovic,Will Shortz,Normal,2025-01-12,Sunday,0,Daily,22494,I Think Knot,0,0,False,,
Adam Levav,Will Shortz,Normal,2025-01-13,Monday,1,Daily,22336,,0,100,True,,556
Lance Enfinger,Will Shortz,Normal,2025-01-14,Tuesday,2,Daily,22337,,0,100,True,,1523
Parker Higgins,Will Shortz,Normal,2025-01-15,Wednesday,3,Daily,22338,,0,85,False,,1302
Rebecca Goldstein and Adam Wagner,Will Shortz,Normal,2025-01-16,Thursday,4,Daily,22377,,0,0,False,,
Willa Angel Chen Miller,Will Shortz,Normal,2025-01-17,Friday,5,Daily,22399,,0,0,False,,
Scott McMahon,Will Shortz,Normal,2025-01-18,Saturday,6,Daily,22407,,0,0,False,,
Emily Sharp and Kunal Nabar,Will Shortz,Normal,2025-01-19,Sunday,0,Daily,22510,Word Problems,0,0,False,,
Katie Byl and Jeff Chen,Will Shortz,Normal,2025-01-20,Monday,1,Daily,22382,,0,100,True,Gold,893
Dan Caprera,Will Shortz,Normal,2025-01-21,Tuesday,2,Daily,22383,,0,100,True,,1963
Landon Horton,Will Shortz,Normal,2025-01-22,Wednesday,3,Daily,22384,,0,0,False,,
Natan Last and the J.A.S.A. Crossword Class,Will Shortz,Normal,2025-01-23,Thursday,4,Daily,22493,,0,0,False,,
Ernest Lim,Will Shortz,Normal,2025-01-24,Friday,5,Daily,22413,,0,0,False,,
Michael Lieberman,Will Shortz,Normal,2025-01-25,Saturday,6,Daily,22459,,0,0,False,,
Rich Proulx,Will Shortz,Normal,2025-01-26,Sunday,0,Daily,22509,Letter Openers,0,0,False,,
Alexander Liebeskind,Will Shortz,Normal,2025-01-27,Monday,1,Daily,22392,,0,100,True,Gold,1097
Dan Margolis,Will Shortz,Normal,2025-01-28,Tuesday,2,Daily,22393,,0,100,True,,1620
Sophia Maymudes,Will Shortz,Normal,2025-01-29,Wednesday,3,Daily,22394,,0,100,True,,2011
Joe Marquez,Will Shortz,Normal,2025-01-30,Thursday,4,Daily,22458,,0,0,False,,
Adrian Johnson,Will Shortz,Normal,2025-01-31,Friday,5,Daily,22492,,0,0,False,,
Kate Chin Park and Rafael Musa,Will Shortz,Normal,2025-02-01,Saturday,6,Daily,22537,,0,0,False,,
Derrick Niederman,Will Shortz,Normal,2025-02-02,Sunday,0,Daily,22528,Two-For-One Special,0,0,False,,
Jack Scherban,Will Shortz,Normal,2025-02-03,Monday,1,Daily,22426,,0,100,True,Gold,1449
Adam Aaronson,Will Shortz,Normal,2025-02-04,Tuesday,2,Daily,22427,,0,100,True,,1825
Kiran Pandey,Will Shortz,Normal,2025-02-05,Wednesday,3,Daily,22470,,0,0,False,,14
Aidan Deshong and Jacob Reed,Will Shortz,Normal,2025-02-06,Thursday,4,Daily,22521,,0,0,False,,
Kelly Morenus,Will Shortz,Normal,2025-02-07,Friday,5,Daily,22520,,0,0,False,,
Alina Abidi,Will Shortz,Normal,2025-02-08,Saturday,6,Daily,22518,,0,0,False,,
Rich Katz and Jeff Chen,Will Shortz,Normal,2025-02-09,Sunday,0,Daily,22556,What's It All About?,0,0,False,,
Emily Rourke,Will Shortz,Normal,2025-02-10,Monday,1,Daily,22560,,0,100,True,,797
Paul Coulter,Will Shortz,Normal,2025-02-11,Tuesday,2,Daily,22430,,0,100,True,,1262
Philip Koski,Will Shortz,Normal,2025-02-12,Wednesday,3,Daily,22412,,0,22,False,,303
Jem Burch,Will Shortz,Normal,2025-02-13,Thursday,4,Daily,22554,,0,0,False,,
Sarah Sinclair,Will Shortz,Normal,2025-02-14,Friday,5,Daily,22553,,0,0,False,,
David P. Williams,Will Shortz,Normal,2025-02-15,Saturday,6,Daily,22551,,0,0,False,,
John Kugelman,Will Shortz,Normal,2025-02-16,Sunday,0,Daily,22550,Square to Begin,0,0,False,,
Kate Hawkins and Erica Hsiung Wojcik,Will Shortz,Normal,2025-02-17,Monday,1,Daily,22429,,0,100,True,,1058
Erik Agard,Will Shortz,Normal,2025-02-18,Tuesday,2,Daily,22471,,0,0,False,,
Joe Deeney,Will Shortz,Normal,2025-02-19,Wednesday,3,Daily,22472,,0,0,False,,
Peter Gorman,Will Shortz,Normal,2025-02-20,Thursday,4,Daily,22562,,0,0,False,,
Colin Adams,Will Shortz,Normal,2025-02-21,Friday,5,Daily,22564,,0,0,False,,
Rose Conlon,Will Shortz,Normal,2025-02-22,Saturday,6,Daily,22555,,0,0,False,,
Daniel Grinberg and Rafael Musa,Will Shortz,Normal,2025-02-23,Sunday,0,Daily,22565,In the Rearview,0,0,False,,
Rena Cohen,Will Shortz,Normal,2025-02-24,Monday,1,Daily,22473,,0,100,True,Gold,627
Greg Snitkin,Will Shortz,Normal,2025-02-25,Tuesday,2,Daily,22474,,0,100,True,Gold,849
Dan Caprera,Will Shortz,Normal,2025-02-26,Wednesday,3,Daily,22475,,0,100,True,,1647
David Steinberg,Will Shortz,Normal,2025-02-27,Thursday,4,Daily,22461,,0,0,False,,
Michael Lieberman,Will Shortz,Normal,2025-02-28,Friday,5,Daily,22566,,0,0,False,,
Ryan Judge,Will Shortz,Normal,2025-03-01,Saturday,6,Daily,22586,,0,0,False,,
Adam Wagner,Will Shortz,Normal,2025-03-02,Sunday,0,Daily,22569,Rainbow Connection,0,0,False,,
Harrison Walden,Will Shortz,Normal,2025-03-03,Monday,1,Daily,22607,,0,100,True,,480
Hanh Huynh,Will Shortz,Normal,2025-03-04,Tuesday,2,Daily,22588,,0,100,True,Gold,598
Rebecca Goldstein,Will Shortz,Normal,2025-03-05,Wednesday,3,Daily,22587,,0,100,True,,1699
Kiran Pandey,Will Shortz,Normal,2025-03-06,Thursday,4,Daily,22567,,0,51,False,,664
Malaika Handa,Will Shortz,Normal,2025-03-07,Friday,5,Daily,22577,,0,0,False,,
Joe Deeney,Will Shortz,Normal,2025-03-08,Saturday,6,Daily,22578,,0,0,False,,
Michael Schlossberg,Will Shortz,Normal,2025-03-09,Sunday,0,Daily,22590,Extra! Extra!,0,0,False,,
Patti Varol,Will Shortz,Normal,2025-03-10,Monday,1,Daily,22591,,0,100,True,,934
Jared Cappel,Will Shortz,Normal,2025-03-11,Tuesday,2,Daily,22589,,0,100,True,,1370
Chandi Deitmer and Kate Hawkins,Will Shortz,Normal,2025-03-12,Wednesday,3,Daily,22592,,0,100,True,,2000
Rich Proulx and Simeon Seigel,Will Shortz,Normal,2025-03-13,Thursday,4,Daily,22604,,0,100,True,,2018
Brandon Koppy,Will Shortz,Normal,2025-03-14,Friday,5,Daily,22593,,0,0,False,,1
Ryan McCarty,Will Shortz,Normal,2025-03-15,Saturday,6,Daily,22605,,0,0,False,,
Paul Coulter,Will Shortz,Normal,2025-03-16,Sunday,0,Daily,22603,Have It Both Ways,0,0,False,,
Kathy Lowden,Will Shortz,Normal,2025-03-17,Monday,1,Daily,22653,,0,100,True,,1121
Larry Snyder and Jonathan Kaufman,Will Shortz,Normal,2025-03-18,Tuesday,2,Daily,22606,,0,100,True,,970
Evan Park and Jeffrey Martinovic,Will Shortz,Normal,2025-03-19,Wednesday,3,Daily,22627,,0,100,True,,1205
Daniel Grinberg,Will Shortz,Normal,2025-03-20,Thursday,4,Daily,22625,,0,0,False,,
Boaz Moser and Jacob Reed,Will Shortz,Normal,2025-03-21,Friday,5,Daily,22622,,0,0,False,,
Katie Hoody,Will Shortz,Normal,2025-03-22,Saturday,6,Daily,22654,,0,0,False,,
Andrew Colin Kirk,Will Shortz,Normal,2025-03-23,Sunday,0,Daily,22636,Where'd You Go?,0,0,False,,
Victor Schmitt,Will Shortz,Normal,2025-03-24,Monday,1,Daily,22568,,0,100,True,Gold,628
Bob Benson,Will Shortz,Normal,2025-03-25,Tuesday,2,Daily,22672,,0,100,True,Gold,1693
Nathan Hale,Will Shortz,Normal,2025-03-26,Wednesday,3,Daily,22673,,0,100,True,Gold,2116
Brad Lively,Will Shortz,Normal,2025-03-27,Thursday,4,Daily,22646,,0,100,True,Gold,3899
Zhouqin Burnikel,Will Shortz,Normal,2025-03-28,Friday,5,Daily,22624,,0,100,True,,472
Christina Iverson and Jacob McDermott,Will Shortz,Normal,2025-03-29,Saturday,6,Daily,22674,,0,0,False,,32
Simeon Seigel,Will Shortz,Normal,2025-03-30,Sunday,0,Daily,22652,Mark My Words,0,0,False,,
Ryan Mathiason,Will Shortz,Normal,2025-03-31,Monday,1,Daily,22675,,0,100,True,Gold,819
Sande Milton,Will Shortz,Normal,2025-04-01,Tuesday,2,Daily,22676,,0,100,True,Gold,910
Daniel Bodily,Will Shortz,Normal,2025-04-02,Wednesday,3,Daily,22677,,0,100,True,,1807
Hanh Huynh,Will Shortz,Normal,2025-04-03,Thursday,4,Daily,22664,,0,100,True,,3108
Karen Steinberg,Will Shortz,Normal,2025-04-04,Friday,5,Daily,22651,,0,0,False,,
Rafael Musa,Will Shortz,Normal,2025-04-05,Saturday,6,Daily,22663,,0,0,False,,
Kareem Ayas,Will Shortz,Normal,2025-04-06,Sunday,0,Daily,22669,Course Correction,0,0,False,,
Jeffrey Lease and Jeff Chen,Will Shortz,Normal,2025-04-07,Monday,1,Daily,22688,,0,100,True,Gold,575
Barbara Lin,Will Shortz,Normal,2025-04-08,Tuesday,2,Daily,22689,,0,100,True,,1483
Aidan Deshong and Oren Hartstein,Will Shortz,Normal,2025-04-09,Wednesday,3,Daily,22671,,0,54,False,,1129
Adam Wagner,Will Shortz,Normal,2025-04-10,Thursday,4,Daily,22670,,0,0,False,,
Jesse Guzman,Will Shortz,Normal,2025-04-11,Friday,5,Daily,22691,,0,0,False,,
Jesse Cohn,Will Shortz,Normal,2025-04-12,Saturday,6,Daily,22695,,0,0,False,,
John Kugelman,Will Shortz,Normal,2025-04-13,Sunday,0,Daily,22679,Both Sides Now,0,0,False,,
Stacy Cooper and Ken Cohen,Will Shortz,Normal,2025-04-14,Monday,1,Daily,22696,,0,100,True,Gold,830
Per Bykodorov,Will Shortz,Normal,2025-04-15,Tuesday,2,Daily,22678,,0,100,True,,1676
Kathy Bloomer,Will Shortz,Normal,2025-04-16,Wednesday,3,Daily,22687,,0,29,False,,301
Ilan Kolkowitz and Shimon Kolkowitz,Will Shortz,Normal,2025-04-17,Thursday,4,Daily,22697,,0,0,False,,
Greg Snitkin and Glenn Davis,Will Shortz,Normal,2025-04-18,Friday,5,Daily,22681,,0,0,False,,
Alex Tomlinson,Will Shortz,Normal,2025-04-19,Saturday,6,Daily,22698,,0,0,False,,
Victor Schmitt and Tracy Bennett,Will Shortz,Normal,2025-04-20,Sunday,0,Daily,22692,Double Vision,0,0,False,,
Thomas van Geel,Will Shortz,Normal,2025-04-21,Monday,1,Daily,22726,,0,0,False,,
Alex Eaton-Salners,Will Shortz,Normal,2025-04-22,Tuesday,2,Daily,22700,,0,0,False,,
Brandon Koppy,Will Shortz,Normal,2025-04-23,Wednesday,3,Daily,22727,,0,0,False,,
Kathleen Duncan,Will Shortz,Normal,2025-04-24,Thursday,4,Daily,22725,,0,0,False,,
Adrian Johnson,Will Shortz,Normal,2025-04-25,Friday,5,Daily,22733,,0,0,False,,
Sarah Sinclair and Rafael Musa,Will Shortz,Normal,2025-04-26,Saturday,6,Daily,22711,,0,0,False,,
Jacob Reed,Will Shortz,Normal,2025-04-27,Sunday,0,Daily,22704,Numbers Game,0,0,False,,
Sue Fracker,Will Shortz,Normal,2025-04-28,Monday,1,Daily,22699,,0,100,True,,1055
Gene Louise De Vera,Will Shortz,Normal,2025-04-29,Tuesday,2,Daily,22709,,0,100,True,,1192
Adam Vincent,Will Shortz,Normal,2025-04-30,Wednesday,3,Daily,22748,,0,0,False,,
Aidan Deshong and Adam Levav,Will Shortz,Normal,2025-05-01,Thursday,4,Daily,22764,,0,0,False,,
Robyn Weintraub,Will Shortz,Normal,2025-05-02,Friday,5,Daily,22750,,0,0,False,,
Michael Lieberman,Will Shortz,Normal,2025-05-03,Saturday,6,Daily,22724,,0,0,False,,
Brandon Koppy,Will Shortz,Normal,2025-05-04,Sunday,0,Daily,22768,Force Play,0,0,False,,
Eric Rollfing,Will Shortz,Normal,2025-05-05,Monday,1,Daily,22758,,0,100,True,Gold,523
Enrique Henestroza Anguiano,Will Shortz,Normal,2025-05-06,Tuesday,2,Daily,22763,,0,100,True,Gold,1524
Tom McCoy,Will Shortz,Normal,2025-05-07,Wednesday,3,Daily,22761,,0,72,False,,930
Dan Caprera,Will Shortz,Normal,2025-05-08,Thursday,4,Daily,22742,,0,0,False,,
Willa Angel Chen Miller and Erik Agard,Will Shortz,Normal,2025-05-09,Friday,5,Daily,22743,,0,0,False,,
Shaun Phillips,Will Shortz,Normal,2025-05-10,Saturday,6,Daily,22762,,0,0,False,,
Brendan Emmett Quigley,Will Shortz,Normal,2025-05-11,Sunday,0,Daily,22746,Power Grid,0,0,False,,
Christina Iverson,Will Shortz,Normal,2025-05-12,Monday,1,Daily,22795,,0,100,True,Gold,687
Joe Rodini,Will Shortz,Normal,2025-05-13,Tuesday,2,Daily,22747,,0,100,True,,748
Rebecca Goldstein and Adam Wagner,Will Shortz,Normal,2025-05-14,Wednesday,3,Daily,22796,,0,12,False,,117
Simeon Seigel,Will Shortz,Normal,2025-05-15,Thursday,4,Daily,22749,,0,0,False,,
August Lee-Kovach,Will Shortz,Normal,2025-05-16,Friday,5,Daily,22756,,0,0,False,,
Ryan Judge,Will Shortz,Normal,2025-05-17,Saturday,6,Daily,22760,,0,0,False,,
Garrett Chalfin,Will Shortz,Normal,2025-05-18,Sunday,0,Daily,22757,Halving the Last Word,0,0,False,,
Kiran Pandey,Will Shortz,Normal,2025-05-19,Monday,1,Daily,22797,,0,100,True,Gold,570
Rena Cohen,Will Shortz,Normal,2025-05-20,Tuesday,2,Daily,22745,,0,100,True,Gold,1178
Ilana Levene and Scott Hogan,Will Shortz,Normal,2025-05-21,Wednesday,3,Daily,22789,,0,100,True,,1864
David J. Kahn,Will Shortz,Normal,2025-05-22,Thursday,4,Daily,22798,,0,0,False,,
Kate Hawkins,Will Shortz,Normal,2025-05-23,Friday,5,Daily,22774,,0,0,False,,
Gene Louise De Vera,Will Shortz,Normal,2025-05-24,Saturday,6,Daily,22744,,0,0,False,,
Dylan Schiff,Will Shortz,Normal,2025-05-25,Sunday,0,Daily,22781,Travel Bug,0,0,False,,
Ari Halpern,Will Shortz,Normal,2025-05-26,Monday,1,Daily,22775,,0,100,True,Gold,694
Ginny Too,Will Shortz,Normal,2025-05-27,Tuesday,2,Daily,22819,,0,100,True,Gold,1384
Peter A. Collins,Will Shortz,Normal,2025-05-28,Wednesday,3,Daily,22809,,0,44,False,,929
John Kugelman,Will Shortz,Normal,2025-05-29,Thursday,4,Daily,22820,,0,0,False,,
Rafael Musa,Will Shortz,Normal,2025-05-30,Friday,5,Daily,22810,,0,0,False,,
Adam Aaronson and Ricky Cruz,Will Shortz,Normal,2025-05-31,Saturday,6,Daily,22815,,0,0,False,,
Sam Brody,Will Shortz,Normal,2025-06-01,Sunday,0,Daily,22732,Making Arrangements,0,0,False,,
Anthony V. Grubb,Will Shortz,Normal,2025-06-02,Monday,1,Daily,22813,,0,100,True,Gold,558
Boaz Moser,Will Shortz,Normal,2025-06-03,Tuesday,2,Daily,22834,,0,100,True,,1288
Danna Rosenberg,Will Shortz,Normal,2025-06-04,Wednesday,3,Daily,22814,,0,100,True,,2391
Timothy Gaetz,Will Shortz,Normal,2025-06-05,Thursday,4,Daily,22835,,0,0,False,,
Adrian Johnson,Will Shortz,Normal,2025-06-06,Friday,5,Daily,22836,,0,0,False,,
Blake Slonecker,Will Shortz,Normal,2025-06-07,Saturday,6,Daily,22837,,0,0,False,,
John Kugelman,Will Shortz,Normal,2025-06-08,Sunday,0,Daily,22808,Meeting Their Match,0,0,False,,
Aimee Lucido,Will Shortz,Normal,2025-06-09,Monday,1,Daily,22881,,0,100,True,Gold,754
Zachary David Levy,Will Shortz,Normal,2025-06-10,Tuesday,2,Daily,22859,,0,100,True,,1892
Sam Koperwas and Jeff Chen,Will Shortz,Normal,2025-06-11,Wednesday,3,Daily,22845,,0,100,True,,2313
Daniel Bodily,Will Shortz,Normal,2025-06-12,Thursday,4,Daily,22852,,0,100,True,,377
Evan Mulvihill,Will Shortz,Normal,2025-06-13,Friday,5,Daily,22860,,0,0,False,,
Barbara Lin,Will Shortz,Normal,2025-06-14,Saturday,6,Daily,22861,,0,0,False,,
Adam Wagner and Rebecca Goldstein,Will Shortz,Normal,2025-06-15,Sunday,0,Daily,22816,Tossing and Turning,0,0,False,,
Jill Rafaloff and Michelle Sontarp,Will Shortz,Normal,2025-06-16,Monday,1,Daily,22886,,0,100,True,Gold,560
Tarun Krishnamurthy,Will Shortz,Normal,2025-06-17,Tuesday,2,Daily,22882,,0,100,True,Gold,966
Eli Cotham,Will Shortz,Normal,2025-06-18,Wednesday,3,Daily,22880,,0,100,True,,2020
Hannah Slovut-Einertson,Will Shortz,Normal,2025-06-19,Thursday,4,Daily,22883,,0,100,True,,2264
Adrianne Baik,Will Shortz,Normal,2025-06-20,Friday,5,Daily,22853,,0,0,False,,
Christina Iverson and Doug Peterson,Will Shortz,Normal,2025-06-21,Saturday,6,Daily,22884,,0,0,False,,
Ruth Bloomfield Margolin and Hannah Margolin,Will Shortz,Normal,2025-06-22,Sunday,0,Daily,22892,Bringing a Plus One,0,0,False,,
Zhouqin Burnikel,Will Shortz,Normal,2025-06-23,Monday,1,Daily,22895,,0,100,True,Gold,1152
Ingrid Steffensen,Will Shortz,Normal,2025-06-24,Tuesday,2,Daily,22849,,0,100,True,Gold,1527
Ben Zimmer and Zach Sherwin,Will Shortz,Normal,2025-06-25,Wednesday,3,Daily,22896,,0,100,True,,2863
Simeon Seigel,Will Shortz,Normal,2025-06-26,Thursday,4,Daily,22894,,0,0,False,,
Carolyn Davies Lynch,Will Shortz,Normal,2025-06-27,Friday,5,Daily,22893,,0,0,False,,
Jesse Guzman,Will Shortz,Normal,2025-06-28,Saturday,6,Daily,22887,,0,0,False,,
Mike Hobin,Will Shortz,Normal,2025-06-29,Sunday,0,Daily,22840,All-In-Clue-sive,0,0,False,,
Dena R. Verkuil and Andrea Carla Michaels,Will Shortz,Normal,2025-06-30,Monday,1,Daily,22914,,0,100,True,Gold,455
Adam Aaronson and Michael Garbus,Will Shortz,Normal,2025-07-01,Tuesday,2,Daily,22913,,0,100,True,Gold,713
Dan Caprera,Will Shortz,Normal,2025-07-02,Wednesday,3,Daily,22911,,0,100,True,Gold,2599
Adam Wagner,Will Shortz,Normal,2025-07-03,Thursday,4,Daily,22909,,0,100,True,Gold,2480
Colin Adams,Will Shortz,Normal,2025-07-04,Friday,5,Daily,22912,,0,100,True,Gold,1379
Tracy Bennett,Will Shortz,Normal,2025-07-05,Saturday,6,Daily,22910,,0,36,False,,546
Zhou Zhang and Kevin Curry,Will Shortz,Normal,2025-07-06,Sunday,0,Daily,22885,Escape Room,0,0,False,,
Daniel Raymon,Will Shortz,Normal,2025-07-07,Monday,1,Daily,22924,,0,100,True,,1124
Jesse Guzman,Will Shortz,Normal,2025-07-08,Tuesday,2,Daily,22925,,0,100,True,Gold,1046
Desirée Penner and Jeff Sinnock,Will Shortz,Normal,2025-07-09,Wednesday,3,Daily,22928,,0,100,True,,1437
Emily Biegas and Sala Wanetick,Will Shortz,Normal,2025-07-10,Thursday,4,Daily,22945,,0,100,True,Gold,1633
James McCarron,Will Shortz,Normal,2025-07-11,Friday,5,Daily,22929,,0,0,False,,
Katie Hoody,Will Shortz,Normal,2025-07-12,Saturday,6,Daily,22931,,0,0,False,,
Brandon Koppy,Will Shortz,Normal,2025-07-13,Sunday,0,Daily,22930,Tunnel Vision,0,0,False,,
Christina Iverson,Will Shortz,Normal,2025-07-14,Monday,1,Daily,22946,,0,100,True,Gold,836
Daniel Britt,Will Shortz,Normal,2025-07-15,Tuesday,2,Daily,22952,,0,100,True,,1141
Jasin Cekinmez,Will Shortz,Normal,2025-07-16,Wednesday,3,Daily,22926,,0,100,True,,1816
Sam Brody,Will Shortz,Normal,2025-07-17,Thursday,4,Daily,22947,,0,0,False,,
Kelly Morenus,Will Shortz,Normal,2025-07-18,Friday,5,Daily,22954,,0,0,False,,
Erik Agard,Will Shortz,Normal,2025-07-19,Saturday,6,Daily,22923,,0,0,False,,
Michael Schlossberg,Will Shortz,Normal,2025-07-20,Sunday,0,Daily,22927,Ten Point Spread,0,0,False,,
Katy Steinmetz and Rich Katz,Will Shortz,Normal,2025-07-21,Monday,1,Daily,22984,,0,100,True,,479
Jeremy Newton,Will Shortz,Normal,2025-07-22,Tuesday,2,Daily,22985,,0,100,True,,841
Joseph Gangi,Will Shortz,Normal,2025-07-23,Wednesday,3,Daily,22951,,0,100,True,Gold,1289
Ginny Too,Will Shortz,Normal,2025-07-24,Thursday,4,Daily,22949,,0,100,True,Gold,2230
Fritz Juhnke,Will Shortz,Normal,2025-07-25,Friday,5,Daily,22953,,0,0,False,,
Adam Levav,Will Shortz,Normal,2025-07-26,Saturday,6,Daily,22965,,0,0,False,,
John Kugelman,Will Shortz,Normal,2025-07-27,Sunday,0,Daily,22986,Arranged Marriages,0,0,False,,
Brian Callahan,Will Shortz,Normal,2025-07-28,Monday,1,Daily,23001,,0,100,True,Gold,595
Peter Gorman,Will Shortz,Normal,2025-07-29,Tuesday,2,Daily,22983,,0,100,True,Gold,1078
Thomas Byrne and Daniel Bodily,Will Shortz,Normal,2025-07-30,Wednesday,3,Daily,22987,,0,100,True,Gold,1386
Alexander Liebeskind,Will Shortz,Normal,2025-07-31,Thursday,4,Daily,22990,,0,100,True,Gold,2719
Abigail Martin,Will Shortz,Normal,2025-08-01,Friday,5,Daily,22967,,0,80,False,,2103
Robert Logan,Will Shortz,Normal,2025-08-02,Saturday,6,Daily,23003,,0,0,False,,
Jeremy Newton,Will Shortz,Normal,2025-08-03,Sunday,0,Daily,22970,Heavenly Voices,0,0,False,,
Patti Varol,Will Shortz,Normal,2025-08-04,Monday,1,Daily,23002,,0,100,True,,988
Gary Larson and Amy Ensz,Will Shortz,Normal,2025-08-05,Tuesday,2,Daily,23023,,0,100,True,Gold,852
Hanh Huynh,Will Shortz,Normal,2025-08-06,Wednesday,3,Daily,23024,,0,100,True,Gold,1055
Ben Zimmer,Will Shortz,Normal,2025-08-07,Thursday,4,Daily,23000,,0,46,False,,1448
Rafael Musa and Matthew Stock,Will Shortz,Normal,2025-08-08,Friday,5,Daily,23015,,0,0,False,,
Aidan Deshong and Akshay Seetharam,Will Shortz,Normal,2025-08-09,Saturday,6,Daily,23013,,0,0,False,,
Adam Wagner and Chandi Deitmer,Will Shortz,Normal,2025-08-10,Sunday,0,Daily,23006,Passing Glances,0,0,False,,
Rebecca Goldstein,Will Shortz,Normal,2025-08-11,Monday,1,Daily,23025,,0,100,True,Gold,816
Erik Agard,Will Shortz,Normal,2025-08-12,Tuesday,2,Daily,23036,,0,100,True,Gold,896
Jared Cappel,Will Shortz,Normal,2025-08-13,Wednesday,3,Daily,23037,,0,100,True,Gold,1263
Gene Louise De Vera,Will Shortz,Normal,2025-08-14,Thursday,4,Daily,23038,,0,100,True,,3416
Dena R. Verkuil,Will Shortz,Normal,2025-08-15,Friday,5,Daily,23039,,0,20,False,,233
Byron Walden,Will Shortz,Normal,2025-08-16,Saturday,6,Daily,23040,,0,0,False,,
Amsay Ezersky,Will Shortz,Normal,2025-08-17,Sunday,0,Daily,23026,Ixnay That!,0,0,False,,
Andrea Carla Michaels and Christina Iverson,Will Shortz,Normal,2025-08-18,Monday,1,Daily,23027,,0,100,True,Gold,722
Eric Rollfing,Will Shortz,Normal,2025-08-19,Tuesday,2,Daily,23022,,0,100,True,Gold,1424
Victor Schmitt,Will Shortz,Normal,2025-08-20,Wednesday,3,Daily,23031,,0,100,True,Gold,1180
Simeon Seigel,Will Shortz,Normal,2025-08-21,Thursday,4,Daily,23033,,0,38,False,,1113
Gia Bosko,Will Shortz,Normal,2025-08-22,Friday,5,Daily,23056,,0,0,False,,
Ryan Judge,Will Shortz,Normal,2025-08-23,Saturday,6,Daily,23057,,0,0,False,,
Michael Lieberman,Will Shortz,Normal,2025-08-24,Sunday,0,Daily,23028,Mixed Company,0,0,False,,
Ryan Mathiason,Will Shortz,Normal,2025-08-25,Monday,1,Daily,23030,,0,100,True,Gold,500
Kevin Curry,Will Shortz,Normal,2025-08-26,Tuesday,2,Daily,23055,,0,100,True,Gold,1219
Zhou Zhang,Will Shortz,Normal,2025-08-27,Wednesday,3,Daily,23032,,0,100,True,Gold,2020
Joel Woodford,Will Shortz,Normal,2025-08-28,Thursday,4,Daily,23059,,0,73,False,,1608
Jesse Cohn,Will Shortz,Normal,2025-08-29,Friday,5,Daily,22850,,0,0,False,,
Maddy Ziegler,Will Shortz,Normal,2025-08-30,Saturday,6,Daily,23060,,0,0,False,,
Danny J. Rooney,Will Shortz,Normal,2025-08-31,Sunday,0,Daily,23034,A Man of Character,0,0,False,,
Lynn Lempel,Will Shortz,Normal,2025-09-01,Monday,1,Daily,23029,,0,100,True,Gold,971
Rena Cohen,Will Shortz,Normal,2025-09-02,Tuesday,2,Daily,23063,,0,100,True,,982
Michael B. Berg,Will Shortz,Normal,2025-09-03,Wednesday,3,Daily,23064,,0,100,True,Gold,1619
Colin Ernst,Will Shortz,Normal,2025-09-04,Thursday,4,Daily,23062,,0,100,True,,1924
Bryan Cheong,Will Shortz,Normal,2025-09-05,Friday,5,Daily,23042,,0,0,False,,
Kunal Nabar,Will Shortz,Normal,2025-09-06,Saturday,6,Daily,23035,,0,0,False,,
Derrick Niederman,Will Shortz,Normal,2025-09-07,Sunday,0,Daily,23065,The Name Is the Game,0,0,False,,
Margaret Seikel,Will Shortz,Normal,2025-09-08,Monday,1,Daily,23084,,0,100,True,Gold,725
Marshal Herrmann,Will Shortz,Normal,2025-09-09,Tuesday,2,Daily,23085,,0,100,True,Gold,1512
Cole Vandenberg and Harit Raghunathan,Will Shortz,Normal,2025-09-10,Wednesday,3,Daily,23086,,0,100,True,,1584
Gia Bosko,Will Shortz,Normal,2025-09-11,Thursday,4,Daily,23087,,0,36,False,,532
Joe Marquez,Will Shortz,Normal,2025-09-12,Friday,5,Daily,23088,,0,0,False,,
Alex Jiang,Will Shortz,Normal,2025-09-13,Saturday,6,Daily,23089,,0,0,False,,
Daniel Grinberg,Will Shortz,Normal,2025-09-14,Sunday,0,Daily,23090,Bird's Eye View,0,0,False,,
Matthew Stock and Michael Lieberman,Will Shortz,Normal,2025-09-15,Monday,1,Daily,23096,,0,100,True,Gold,539
Jonathan Daly,Will Shortz,Normal,2025-09-16,Tuesday,2,Daily,23097,,0,100,True,Gold,645
Jackson Matz,Will Shortz,Normal,2025-09-17,Wednesday,3,Daily,23095,,0,100,True,,2224
Adam Wagner,Will Shortz,Normal,2025-09-18,Thursday,4,Daily,23098,,0,12,False,,258
Erica Hsiung Wojcik,Will Shortz,Normal,2025-09-19,Friday,5,Daily,23099,,0,0,False,,
Katie Hoody,Will Shortz,Normal,2025-09-20,Saturday,6,Daily,23100,,0,0,False,,
Adrianne Baik,Will Shortz,Normal,2025-09-21,Sunday,0,Daily,23101,Gimme a Break!,0,0,False,,
Dena R. Verkuil and Andrea Carla Michaels,Will Shortz,Normal,2025-09-22,Monday,1,Daily,23113,,0,100,True,Gold,717
Jacob Stulberg,Will Shortz,Normal,2025-09-23,Tuesday,2,Daily,23114,,0,0,False,,
Peter A. Collins,Will Shortz,Normal,2025-09-24,Wednesday,3,Daily,23115,,0,0,False,,
Jesse Goldberg,Will Shortz,Normal,2025-09-25,Thursday,4,Daily,23116,,0,0,False,,
Larry Snyder,Will Shortz,Normal,2025-09-26,Friday,5,Daily,23117,,0,0,False,,
Adrian Johnson and Christina Iverson,Will Shortz,Normal,2025-09-27,Saturday,6,Daily,23118,,0,0,False,,
Rich Katz,Will Shortz,Normal,2025-09-28,Sunday,0,Daily,23119,Central Perk,0,0,False,,
Brian Keller,Will Shortz,Normal,2025-09-29,Monday,1,Daily,23122,,0,100,True,,1058
Justin Werfel,Will Shortz,Normal,2025-09-30,Tuesday,2,Daily,23123,,0,100,True,Gold,1027
Neville Fogarty,Will Shortz,Normal,2025-10-01,Wednesday,3,Daily,23121,,0,100,False,,1769
Aidan Deshong,Will Shortz,Normal,2025-10-02,Thursday,4,Daily,23130,,0,0,False,,
Rebecca Goldstein and Rafael Musa,Will Shortz,Normal,2025-10-03,Friday,5,Daily,23129,,0,0,False,,
Ryan McCarty,Will Shortz,Normal,2025-10-04,Saturday,6,Daily,23128,,0,0,False,,
John Kugelman,Will Shortz,Normal,2025-10-05,Sunday,0,Daily,23133,All Too Wise,0,0,False,,
Hannah Binney,Will Shortz,Normal,2025-10-06,Monday,1,Daily,23153,,0,100,True,Gold,851
Corry Cropper,Will Shortz,Normal,2025-10-07,Tuesday,2,Daily,23159,,0,83,False,,1023
Daniel Trujillo Diaz,Will Shortz,Normal,2025-10-08,Wednesday,3,Daily,23146,,0,65,False,,458
Freddie Cheng,Will Shortz,Normal,2025-10-09,Thursday,4,Daily,23158,,0,0,False,,
Colin Adams,Will Shortz,Normal,2025-10-10,Friday,5,Daily,23163,,0,0,False,,
Sam Ezersky,Will Shortz,Normal,2025-10-11,Saturday,6,Daily,23162,,0,0,False,,
Michael Schlossberg,Will Shortz,Normal,2025-10-12,Sunday,0,Daily,23161,Make No Mistake,0,0,False,,
Katherine Xiong,Will Shortz,Normal,2025-10-13,Monday,1,Daily,23164,,0,100,True,Gold,910
Stella Zawistowski,Will Shortz,Normal,2025-10-14,Tuesday,2,Daily,23177,,0,100,True,Gold,1216
Nick Offerman and Christina Iverson,Will Shortz,Normal,2025-10-15,Wednesday,3,Daily,23178,,0,57,False,,1463
Kareem Ayas,Will Shortz,Normal,2025-10-16,Thursday,4,Daily,23179,,0,0,False,,
Karen Steinberg,Will Shortz,Normal,2025-10-17,Friday,5,Daily,23167,,0,0,False,,
Samuel Smalley,Will Shortz,Normal,2025-10-18,Saturday,6,Daily,23165,,0,0,False,,
Daniel Grinberg,Will Shortz,Normal,2025-10-19,Sunday,0,Daily,23182,Same Difference,0,0,False,,
Adam Aaronson,Will Shortz,Normal,2025-10-20,Monday,1,Daily,23200,,0,100,True,Gold,850
Spencer Leach,Will Shortz,Normal,2025-10-21,Tuesday,2,Daily,23168,,0,100,True,Gold,696
Jesse Guzman,Will Shortz,Normal,2025-10-22,Wednesday,3,Daily,23201,,0,67,False,,1116
Aimee Lucido,Will Shortz,Normal,2025-10-23,Thursday,4,Daily,23197,,0,0,False,,
Kelvin Zhou,Will Shortz,Normal,2025-10-24,Friday,5,Daily,23166,,0,0,False,,
Byron Walden,Will Shortz,Normal,2025-10-25,Saturday,6,Daily,23249,,0,0,False,,
Gary Larson and Doug Peterson,Will Shortz,Normal,2025-10-26,Sunday,0,Daily,23189,Talkin' 'Bout My Generation,0,0,False,,
Tarun Krishnamurthy,Will Shortz,Normal,2025-10-27,Monday,1,Daily,23188,,0,100,True,Gold,1103
Adrianne Baik,Will Shortz,Normal,2025-10-28,Tuesday,2,Daily,23203,,0,100,True,Gold,1086
John Donegan,Will Shortz,Normal,2025-10-29,Wednesday,3,Daily,23207,,0,85,False,,1831
Howard Neuthaler,Will Shortz,Normal,2025-10-30,Thursday,4,Daily,23202,,0,0,False,,
Juliana Tringali Golden,Will Shortz,Normal,2025-10-31,Friday,5,Daily,23187,,0,0,False,,13
Michael Lieberman,Will Shortz,Normal,2025-11-01,Saturday,6,Daily,23191,,0,0,False,,
Rafael Musa,Will Shortz,Normal,2025-11-02,Sunday,0,Daily,23204,Open-Faced,0,0,False,,
Kevin Christian and Andrea Carla Michaels,Will Shortz,Normal,2025-11-03,Monday,1,Daily,23224,,0,100,True,Gold,418
Patrick Hayden,Will Shortz,Normal,2025-11-04,Tuesday,2,Daily,23225,,0,100,True,Gold,1463
Chad Hazen and Jeff Chen,Will Shortz,Normal,2025-11-05,Wednesday,3,Daily,23219,,0,100,True,,1445
Sam Brody,Will Shortz,Normal,2025-11-06,Thursday,4,Daily,23213,,0,0,False,,
Kelly Morenus,Will Shortz,Normal,2025-11-07,Friday,5,Daily,23239,,0,0,False,,
Ryan Judge,Will Shortz,Normal,2025-11-08,Saturday,6,Daily,23223,,0,0,False,,
Amie Walker,Will Shortz,Normal,2025-11-09,Sunday,0,Daily,23222,Swing States,0,0,False,,
Zhouqin Burnikel,Will Shortz,Normal,2025-11-10,Monday,1,Daily,23240,,0,100,True,,719
Christina Iverson and Scott Hogan,Will Shortz,Normal,2025-11-11,Tuesday,2,Daily,23244,,0,41,False,,544
Brad Wiegmann and Nicole Wiegmann,Will Shortz,Normal,2025-11-12,Wednesday,3,Daily,23232,,0,0,False,,
Kyle Perkins,Will Shortz,Normal,2025-11-13,Thursday,4,Daily,23246,,0,0,False,,
Malaika Handa,Will Shortz,Normal,2025-11-14,Friday,5,Daily,23198,,0,0,False,,
Kyle Dolan,Will Shortz,Normal,2025-11-15,Saturday,6,Daily,23245,,0,0,False,,
Randolph Ross,Will Shortz,Normal,2025-11-16,Sunday,0,Daily,23242,Misquoting Shakespeare,0,0,False,,
Rena Cohen,Will Shortz,Normal,2025-11-17,Monday,1,Daily,23277,,0,100,True,,1172
Joe Deeney,Will Shortz,Normal,2025-11-18,Tuesday,2,Daily,23276,,0,100,True,,1015
Jeremy Newton,Will Shortz,Normal,2025-11-19,Wednesday,3,Daily,23274,,0,99,False,,1045
Adam Wagner,Will Shortz,Normal,2025-11-20,Thursday,4,Daily,23275,,0,0,False,,
Joyce Keller,Will Shortz,Normal,2025-11-21,Friday,5,Daily,23216,,0,0,False,,
Blake Slonecker,Will Shortz,Normal,2025-11-22,Saturday,6,Daily,23273,,0,0,False,,
Trenton Charlson,Will Shortz,Normal,2025-11-23,Sunday,0,Daily,23233,Second in Command,0,0,False,,
Zhou Zhang,Will Shortz,Normal,2025-11-24,Monday,1,Daily,23301,,0,100,True,Gold,546
John Ewbank,Will Shortz,Normal,2025-11-25,Tuesday,2,Daily,23293,,0,100,True,,1429
John McClung,Will Shortz,Normal,2025-11-26,Wednesday,3,Daily,23290,,0,100,True,Gold,1365
Alexander Liebeskind,Will Shortz,Normal,2025-11-27,Thursday,4,Daily,23302,,0,74,False,,994
Jacob McDermott,Will Shortz,Normal,2025-11-28,Friday,5,Daily,23243,,0,0,False,,
Adrian Johnson,Will Shortz,Normal,2025-11-29,Saturday,6,Daily,23291,,0,0,False,,
Natan Last,Will Shortz,Normal,2025-11-30,Sunday,0,Daily,23303,Hog Wild,0,0,False,,
Hannah Binney,Will Shortz,Normal,2025-12-01,Monday,1,Daily,23318,,0,100,True,,576
Jonathan Baude,Will Shortz,Normal,2025-12-02,Tuesday,2,Daily,23319,,0,100,True,Gold,1409
Victor Barocas,Will Shortz,Normal,2025-12-03,Wednesday,3,Daily,23312,,0,0,False,,
Stephan Prock and Jeff Chen,Will Shortz,Normal,2025-12-04,Thursday,4,Daily,23320,,0,0,False,,
James McCarron,Will Shortz,Normal,2025-12-05,Friday,5,Daily,23307,,0,0,False,,
Marshal Herrmann,Will Shortz,Normal,2025-12-06,Saturday,6,Daily,23330,,0,0,False,,
Kate Jensen,Will Shortz,Normal,2025-12-07,Sunday,0,Daily,23313,Original Thinkers,0,0,False,,
Dan Kammann and Zhouqin Burnikel,Will Shortz,Normal,2025-12-08,Monday,1,Daily,23315,,0,100,True,Gold,736
Kate Hawkins,Will Shortz,Normal,2025-12-09,Tuesday,2,Daily,23306,,0,100,True,,1770
Kareem Ayas,Will Shortz,Normal,2025-12-10,Wednesday,3,Daily,23316,,0,90,False,,1368
Kevin Curry,Will Shortz,Normal,2025-12-11,Thursday,4,Daily,23321,,0,0,False,,
Adrian Johnson and Jess Rucks,Will Shortz,Normal,2025-12-12,Friday,5,Daily,23349,,0,0,False,,
Gene Louise De Vera,Will Shortz,Normal,2025-12-13,Saturday,6,Daily,23323,,0,0,False,,
Zachary Edward-Brown and John Kugelman,Will Shortz,Normal,2025-12-14,Sunday,0,Daily,23324,Change Locations,0,0,False,,
Jeff Jerome and Andrea Carla Michaels,Will Shortz,Normal,2025-12-15,Monday,1,Daily,23343,,0,100,True,Gold,1064
Jason Reich,Will Shortz,Normal,2025-12-16,Tuesday,2,Daily,23365,,0,64,False,,455
Gary Larson and Doug Peterson,Will Shortz,Normal,2025-12-17,Wednesday,3,Daily,23380,,0,0,False,,
Joseph Gangi,Will Shortz,Normal,2025-12-18,Thursday,4,Daily,23378,,0,0,False,,
Hemant Mehta,Will Shortz,Normal,2025-12-19,Friday,5,Daily,23322,,0,0,False,,
Robert S. Gard,Will Shortz,Normal,2025-12-20,Saturday,6,Daily,23372,,0,0,False,,
David Kwong,Will Shortz,Normal,2025-12-21,Sunday,0,Daily,23377,Present Time,0,0,False,,
Suzanne Oliver,Will Shortz,Normal,2025-12-22,Monday,1,Daily,23398,,0,100,True,Gold,1075
Nathan Hale,Will Shortz,Normal,2025-12-23,Tuesday,2,Daily,23392,,0,100,True,,754
Ella Dershowitz,Will Shortz,Normal,2025-12-24,Wednesday,3,Daily,23397,,0,99,False,,1915
Sam Ezersky,Will Shortz,Normal,2025-12-25,Thursday,4,Daily,23329,,0,0,False,,
Andrew Spooner,Will Shortz,Normal,2025-12-26,Friday,5,Daily,23393,,0,0,False,,
Katie Hoody,Will Shortz,Normal,2025-12-27,Saturday,6,Daily,23399,,0,0,False,,
Alex Eaton-Salners,Will Shortz,Normal,2025-12-28,Sunday,0,Daily,23400,Off Broadway Musicals,0,0,False,,
Chase Dittrich,Will Shortz,Normal,2025-12-29,Monday,1,Daily,23432,,0,100,True,,563
Geoffrey Schorkopf and Will Eisenberg,Will Shortz,Normal,2025-12-30,Tuesday,2,Daily,23433,,0,100,True,Gold,1000
Jeffrey Martinovic,Will Shortz,Normal,2025-12-31,Wednesday,3,Daily,23429,,0,0,False,,
Topher Booth,Will Shortz,Normal,2026-01-01,Thursday,4,Daily,23431,,0,0,False,,
Adam Wagner and Rafael Musa,Will Shortz,Normal,2026-01-02,Friday,5,Daily,23425,,0,0,False,,
Hannah Slovut-Einertson,Will Shortz,Normal,2026-01-03,Saturday,6,Daily,23427,,0,0,False,,
Gene Louise De Vera,Will Shortz,Normal,2026-01-04,Sunday,0,Daily,23434,Base Pairs,0,0,False,,
Lynn Lempel,Will Shortz,Normal,2026-01-05,Monday,1,Daily,23451,,0,9,False,,102
Lynn Lempel,Will Shortz,Normal,2026-01-05,Monday,1,Daily,23451,,0,9,False,,102
Paul Coulter,Will Shortz,Normal,2026-01-06,Tuesday,2,Daily,23448,,0,0,False,,
Adrianne Baik,Will Shortz,Normal,2026-01-07,Wednesday,3,Daily,23446,,0,0,False,,
Mallory Montgomery and Zhou Zhang,Will Shortz,Normal,2026-01-08,Thursday,4,Daily,23455,,0,0,False,,
Greg Snitkin and Glenn Davis,Will Shortz,Normal,2026-01-09,Friday,5,Daily,23456,,0,0,False,,
Kameron Austin Collins,Will Shortz,Normal,2026-01-10,Saturday,6,Daily,23447,,0,0,False,,
Dylan Schiff,Will Shortz,Normal,2026-01-11,Sunday,0,Daily,23430,It's All Greek,0,0,False,,
Carolyn Davies Lynch and Christina Iverson,Will Shortz,Normal,2026-01-12,Monday,1,Daily,23481,,0,0,False,,
Nate Hall,Will Shortz,Normal,2026-01-13,Tuesday,2,Daily,23471,,0,0,False,,
Joseph Gangi,Will Shortz,Normal,2026-01-14,Wednesday,3,Daily,23473,,0,0,False,,
Wendy L. Brandes and Barbara Lin,Will Shortz,Normal,2026-01-15,Thursday,4,Daily,23472,,0,0,False,,
