"","player_id","team_id","season","player_name","first_name","last_name","primary_hand","dob","height","position","home_town","league","age","player_headshot","regular_season","team"
"1",49,1,2023,"Lexie Adzija","Lexie","Adzija","L","2000-06-30",NA,"F","St. Thomas, ON","pwhl",23,"https://assets.leaguestat.com/pwhl/240x240/49.jpg",TRUE,"Boston"
"2",18,1,2023,"Sophie Shirley","Sophie","Shirley","R","1999-06-30",NA,"F","Saskatoon, SK","pwhl",24,"https://assets.leaguestat.com/pwhl/240x240/18.jpg",TRUE,"Boston"
"3",15,1,2023,"Alina Müller","Alina","Müller","L","1998-03-12",NA,"F","Winterthur, Switzerland","pwhl",25,"https://assets.leaguestat.com/pwhl/240x240/15.jpg",TRUE,"Boston"
"4",111,1,2023,"Taylor Wenczkowski","Taylor","Wenczkowski","R","1997-09-25",NA,"F","","pwhl",25,"https://assets.leaguestat.com/pwhl/240x240/111.jpg",TRUE,"Boston"
"5",176,1,2023,"Caitrin Lonergan","Caitrin","Lonergan","R","1997-09-10",NA,"F","","pwhl",25,"https://assets.leaguestat.com/pwhl/240x240/176.jpg",TRUE,"Boston"
"6",110,1,2023,"Amanda Pelkey","Amanda","Pelkey","R","1993-05-29",NA,"F","Montpelier, VT","pwhl",30,"https://assets.leaguestat.com/pwhl/240x240/110.jpg",TRUE,"Boston"
"7",9,1,2023,"Taylor Girard","Taylor","Girard","L","1998-07-17",NA,"F","Macomb, MI","pwhl",24,"https://assets.leaguestat.com/pwhl/240x240/9.jpg",TRUE,"Boston"
"8",109,1,2023,"Gigi Marvin","Gigi","Marvin","R","1987-03-07",NA,"F","Warroad, MN","pwhl",36,"https://assets.leaguestat.com/pwhl/240x240/109.jpg",TRUE,"Boston"
"9",1,1,2023,"Hannah Brandt","Hannah","Brandt","R","1993-11-27",NA,"F","Vadnais Heights, MN","pwhl",29,"https://assets.leaguestat.com/pwhl/240x240/1.jpg",TRUE,"Boston"
"10",13,1,2023,"Hilary Knight","Hilary","Knight","R","1989-07-12",NA,"F","Sun Valley, ID","pwhl",33,"https://assets.leaguestat.com/pwhl/240x240/13.jpg",TRUE,"Boston"
"11",8,1,2023,"Loren Gabel","Loren","Gabel","L","1997-07-24",NA,"F","Kitchener, ON","pwhl",25,"https://assets.leaguestat.com/pwhl/240x240/8.jpg",TRUE,"Boston"
"12",17,1,2023,"Theresa Schafzahl","Theresa","Schafzahl","L","2000-04-12",NA,"F","Weiz, Austria","pwhl",23,"https://assets.leaguestat.com/pwhl/240x240/17.jpg",TRUE,"Boston"
"13",16,1,2023,"Jamie Lee Rattray","Jamie","Lee","L","1992-09-30",NA,"F","Kanata, ON","pwhl",30,"https://assets.leaguestat.com/pwhl/240x240/16.jpg",TRUE,"Boston"
"14",175,1,2023,"Kelly Babstock","Kelly","Babstock","R","1992-08-04",NA,"F","","pwhl",30,"https://assets.leaguestat.com/pwhl/240x240/175.jpg",TRUE,"Boston"
"15",14,1,2023,"Nicole Kosta","Nicole","Kosta","R","1993-02-27",NA,"F","Mississauga, ON","pwhl",30,"https://assets.leaguestat.com/pwhl/240x240/14.jpg",TRUE,"Boston"
"16",78,1,2023,"Susanna Tapani","Susanna","Tapani","L","1993-03-02",NA,"F","Turku, Finland","pwhl",30,"https://assets.leaguestat.com/pwhl/240x240/78.jpg",TRUE,"Boston"
"17",2,1,2023,"Emily Brown","Emily","Brown","L","1998-12-30",NA,"D","Blaine, MN","pwhl",24,"https://assets.leaguestat.com/pwhl/240x240/2.jpg",TRUE,"Boston"
"18",12,1,2023,"Megan Keller","Megan","Keller","L","1996-05-01",NA,"D","Farmington, MI","pwhl",27,"https://assets.leaguestat.com/pwhl/240x240/12.jpg",TRUE,"Boston"
"19",167,1,2023,"Sidney Morin","Sidney","Morin","R","1995-06-06",NA,"D","Minnetonka, MN","pwhl",28,"https://assets.leaguestat.com/pwhl/240x240/167.jpg",TRUE,"Boston"
"20",7,1,2023,"Kaleigh Fratkin","Kaleigh","Fratkin","R","1992-03-24",NA,"D","Burnaby, BC","pwhl",31,"https://assets.leaguestat.com/pwhl/240x240/7.jpg",TRUE,"Boston"
"21",117,1,2023,"Abby Cook","Abby","Cook","R","1998-05-12",NA,"D","Kelowna, BC","pwhl",25,"https://assets.leaguestat.com/pwhl/240x240/117.jpg",TRUE,"Boston"
"22",5,1,2023,"Jessica Digirolamo","Jessica","Digirolamo","L","1999-02-13",NA,"D","Mississauga, ON","pwhl",24,"https://assets.leaguestat.com/pwhl/240x240/5.jpg",TRUE,"Boston"
"23",10,1,2023,"Jess Healey","Jess","Healey","L","1996-10-14",NA,"D","Edmonton, AB","pwhl",26,"https://assets.leaguestat.com/pwhl/240x240/10.jpg",TRUE,"Boston"
"24",19,1,2023,"Emma Söderberg","Emma","Söderberg","L","1998-02-18",NA,"G","Örksköldsvik, Sweden","pwhl",25,"https://assets.leaguestat.com/pwhl/240x240/19.jpg",TRUE,"Boston"
"25",6,1,2023,"Aerin Frankel","Aerin","Frankel","L","1999-05-24",NA,"G","Chappaqua, NY","pwhl",24,"https://assets.leaguestat.com/pwhl/240x240/6.jpg",TRUE,"Boston"
"26",113,1,2023,"Cami Kronish","Cami","Kronish","L","2000-02-24",NA,"G","","pwhl",23,"https://assets.leaguestat.com/pwhl/240x240/113.jpg",TRUE,"Boston"
"27",102,2,2023,"Claire Butorac","Claire","Butorac","R","1999-09-24",NA,"F","Andover, MN","pwhl",23,"https://assets.leaguestat.com/pwhl/240x240/102.jpg",TRUE,"Minnesota"
"28",92,2,2023,"Sydney Brodt","Sydney","Brodt","R","1998-05-03",NA,"F","North Oaks, MN","pwhl",25,"https://assets.leaguestat.com/pwhl/240x240/92.jpg",TRUE,"Minnesota"
"29",103,2,2023,"Sophia Kunin","Sophia","Kunin","R","1997-04-03",NA,"F","Wayzata, MN","pwhl",26,"https://assets.leaguestat.com/pwhl/240x240/103.jpg",TRUE,"Minnesota"
"30",23,2,2023,"Kelly Pannek","Kelly","Pannek","R","1995-12-29",NA,"F","Plymouth, MN","pwhl",27,"https://assets.leaguestat.com/pwhl/240x240/23.jpg",TRUE,"Minnesota"
"31",25,2,2023,"Grace Zumwinkle","Grace","Zumwinkle","R","1999-04-23",NA,"F","Excelsior, MN","pwhl",24,"https://assets.leaguestat.com/pwhl/240x240/25.jpg",TRUE,"Minnesota"
"32",116,2,2023,"Clair DeGeorge","Clair","DeGeorge","L","1999-06-07",NA,"F","Anchorage, AK","pwhl",24,"https://assets.leaguestat.com/pwhl/240x240/116.jpg",TRUE,"Minnesota"
"33",91,2,2023,"Brooke Bryant","Brooke","Bryant","R","2000-08-22",NA,"F","Linden, CA","pwhl",22,"https://assets.leaguestat.com/pwhl/240x240/91.jpg",TRUE,"Minnesota"
"34",105,2,2023,"Brittyn Fleming","Brittyn","Fleming","L","1999-05-24",NA,"F","Oregon, Wisconsin","pwhl",24,"https://assets.leaguestat.com/pwhl/240x240/105.jpg",TRUE,"Minnesota"
"35",97,2,2023,"Liz Schepers","Liz","Schepers","L","1999-02-13",NA,"F","Mound, MN","pwhl",24,"https://assets.leaguestat.com/pwhl/240x240/97.jpg",TRUE,"Minnesota"
"36",114,2,2023,"Abby Boreen","Abby","Boreen","R","1997-11-21",NA,"F","Somerset, WI","pwhl",25,"https://assets.leaguestat.com/pwhl/240x240/114.jpg",TRUE,"Minnesota"
"37",20,2,2023,"Kendall Coyne Schofield","Kendall","Coyne","L","1992-05-25",NA,"F","Palos Heights, IL","pwhl",31,"https://assets.leaguestat.com/pwhl/240x240/20.jpg",TRUE,"Minnesota"
"38",21,2,2023,"Taylor Heise","Taylor","Heise","R","2000-03-17",NA,"F","Lake City, MN","pwhl",23,"https://assets.leaguestat.com/pwhl/240x240/21.jpg",TRUE,"Minnesota"
"39",104,2,2023,"Denisa Křížová","Denisa","Křížová","L","1994-11-03",NA,"F","Horní Cerekev, Czechia","pwhl",28,"https://assets.leaguestat.com/pwhl/240x240/104.jpg",TRUE,"Minnesota"
"40",115,2,2023,"Michela Cava","Michela","Cava","R","1994-03-26",NA,"F","Thunder Bay, ON","pwhl",29,"https://assets.leaguestat.com/pwhl/240x240/115.jpg",TRUE,"Minnesota"
"41",24,2,2023,"Lee Stecklein","Lee","Stecklein","L","1994-04-23",NA,"D","Roseville, MN","pwhl",29,"https://assets.leaguestat.com/pwhl/240x240/24.jpg",TRUE,"Minnesota"
"42",120,2,2023,"Nikki Nightengale","Nikki","Nightengale","L","1998-04-05",NA,"D","Bloomington, MN","pwhl",25,"https://assets.leaguestat.com/pwhl/240x240/120.jpg",TRUE,"Minnesota"
"43",11,2,2023,"Sophie Jaques","Sophie","Jaques","R","2000-10-16",NA,"D","Toronto, ON","pwhl",22,"https://assets.leaguestat.com/pwhl/240x240/11.jpg",TRUE,"Minnesota"
"44",79,2,2023,"Maggie Flaherty","Maggie","Flaherty","L","2000-06-02",NA,"D","Lakeville, MN","pwhl",23,"https://assets.leaguestat.com/pwhl/240x240/79.jpg",TRUE,"Minnesota"
"45",90,2,2023,"Natalie Buchbinder","Natalie","Buchbinder","R","1999-01-22",NA,"D","Fairport, NY","pwhl",24,"https://assets.leaguestat.com/pwhl/240x240/90.jpg",TRUE,"Minnesota"
"46",129,2,2023,"Mellissa Channell","Mellissa","Channell","L","1994-12-16",NA,"D","Plymouth, MI","pwhl",28,"https://assets.leaguestat.com/pwhl/240x240/129.jpg",TRUE,"Minnesota"
"47",118,2,2023,"Emma Greco","Emma","Greco","L","1995-03-06",NA,"D","Burlington, ON","pwhl",28,"https://assets.leaguestat.com/pwhl/240x240/118.jpg",TRUE,"Minnesota"
"48",119,2,2023,"Dominique Kremer","Dominique","Kremer","R","1997-06-09",NA,"D","Napoleonville, LA","pwhl",26,"https://assets.leaguestat.com/pwhl/240x240/119.jpg",TRUE,"Minnesota"
"49",122,2,2023,"Amanda Leveille","Amanda","Leveille","L","1994-06-10",NA,"G","Kingston, ON","pwhl",29,"https://assets.leaguestat.com/pwhl/240x240/122.jpg",TRUE,"Minnesota"
"50",22,2,2023,"Nicole Hensley","Nicole","Hensley","L","1994-06-23",NA,"G","Lakewood, CO","pwhl",29,"https://assets.leaguestat.com/pwhl/240x240/22.jpg",TRUE,"Minnesota"
"51",121,2,2023,"Lauren Bench","Lauren","Bench","L","1997-11-21",NA,"G","Eagan, MN","pwhl",25,"https://assets.leaguestat.com/pwhl/240x240/121.jpg",TRUE,"Minnesota"
"52",123,2,2023,"Maddie Rooney","Maddie","Rooney","L","1997-07-07",NA,"G","Andover, MN","pwhl",25,"https://assets.leaguestat.com/pwhl/240x240/123.jpg",TRUE,"Minnesota"
"53",177,3,2023,"Brooke Stacey","Brooke","Stacey","L","1996-06-26",NA,"F","","pwhl",27,"https://assets.leaguestat.com/pwhl/240x240/177.jpg",TRUE,"Montreal"
"54",32,3,2023,"Laura Stacey","Laura","Stacey","R","1994-05-05",NA,"F","Kleinburg, ON","pwhl",29,"https://assets.leaguestat.com/pwhl/240x240/32.jpg",TRUE,"Montreal"
"55",156,3,2023,"Gabrielle David","Gabrielle","David","R","1999-06-22",NA,"F","Drummondville, QC","pwhl",24,"https://assets.leaguestat.com/pwhl/240x240/156.jpg",TRUE,"Montreal"
"56",159,3,2023,"Leah Lum","Leah","Lum","L","1996-05-12",NA,"F","Richmond, BC","pwhl",27,"https://assets.leaguestat.com/pwhl/240x240/159.jpg",TRUE,"Montreal"
"57",27,3,2023,"Jillian Dempsey","Jillian","Dempsey","L","1991-01-19",NA,"F","Winthrop, MA","pwhl",32,"https://assets.leaguestat.com/pwhl/240x240/27.jpg",TRUE,"Montreal"
"58",98,3,2023,"Maureen Murphy","Maureen","Murphy","R","1999-12-15",NA,"F","Buffalo, NY","pwhl",23,"https://assets.leaguestat.com/pwhl/240x240/98.jpg",TRUE,"Montreal"
"59",158,3,2023,"Sarah Lefort","Sarah","Lefort","L","1994-02-09",NA,"F","Ormstown, QC","pwhl",29,"https://assets.leaguestat.com/pwhl/240x240/158.jpg",TRUE,"Montreal"
"60",160,3,2023,"Alexandra Poznikoff","Alexandra","Poznikoff","R","1997-05-16",NA,"F","Edmonton, AB","pwhl",26,"https://assets.leaguestat.com/pwhl/240x240/160.jpg",TRUE,"Montreal"
"61",138,3,2023,"Mikyla Grant-Mentis","Mikyla","Grant-Mentis","L","1998-07-15",NA,"F","Brampton, ON","pwhl",24,"https://assets.leaguestat.com/pwhl/240x240/138.jpg",TRUE,"Montreal"
"62",29,3,2023,"Kennedy Marchment","Kennedy","Marchment","R","1996-12-06",NA,"F","Marmora, ON","pwhl",26,"https://assets.leaguestat.com/pwhl/240x240/29.jpg",TRUE,"Montreal"
"63",80,3,2023,"Ann-Sophie Bettez","Ann-Sophie","Bettez","L","1987-11-14",NA,"F","Sept-Îles, QC","pwhl",35,"https://assets.leaguestat.com/pwhl/240x240/80.jpg",TRUE,"Montreal"
"64",168,3,2023,"Mélodie Daoust","Mélodie","Daoust","L","1992-01-07",NA,"F","Valleyfield, QC","pwhl",31,"https://assets.leaguestat.com/pwhl/240x240/168.jpg",TRUE,"Montreal"
"65",81,3,2023,"Sarah Bujold","Sarah","Bujold","L","1996-02-26",NA,"F","Riverview, NB","pwhl",27,"https://assets.leaguestat.com/pwhl/240x240/81.jpg",TRUE,"Montreal"
"66",157,3,2023,"Catherine Dubois","Catherine","Dubois","L","1995-07-29",NA,"F","Charlesbourg, QC","pwhl",27,"https://assets.leaguestat.com/pwhl/240x240/157.jpg",TRUE,"Montreal"
"67",31,3,2023,"Marie-Philip Poulin","Marie-Philip","Poulin","L","1992-03-28",NA,"F","Beauceville, QC","pwhl",31,"https://assets.leaguestat.com/pwhl/240x240/31.jpg",TRUE,"Montreal"
"68",139,3,2023,"Liliane Perreault","Liliane","Perreault","R","2000-03-16",NA,"F","Hinsdale, IL","pwhl",23,"https://assets.leaguestat.com/pwhl/240x240/139.jpg",TRUE,"Montreal"
"69",26,3,2023,"Claire Dalton","Claire","Dalton","R","2000-03-20",NA,"F","Toronto, ON","pwhl",23,"https://assets.leaguestat.com/pwhl/240x240/26.jpg",TRUE,"Montreal"
"70",30,3,2023,"Kristin O'Neill","Kristin","O'Neill","L","1998-03-30",NA,"F","Oakville, ON","pwhl",25,"https://assets.leaguestat.com/pwhl/240x240/30.jpg",TRUE,"Montreal"
"71",99,3,2023,"Mariah Keopple","Mariah","Keopple","R","2000-06-27",NA,"D","Menomonie, WI","pwhl",23,"https://assets.leaguestat.com/pwhl/240x240/99.jpg",TRUE,"Montreal"
"72",163,3,2023,"Catherine Daoust","Catherine","Daoust","R","1995-02-21",NA,"D","Île Bizard, QC","pwhl",28,"https://assets.leaguestat.com/pwhl/240x240/163.jpg",TRUE,"Montreal"
"73",162,3,2023,"Madison Bizal","Madison","Bizal","L","2000-01-25",NA,"D","Elk River, MN","pwhl",23,"https://assets.leaguestat.com/pwhl/240x240/162.jpg",TRUE,"Montreal"
"74",84,3,2023,"Kati Tabin","Kati","Tabin","L","1997-04-21",NA,"D","Winnipeg, MB","pwhl",26,"https://assets.leaguestat.com/pwhl/240x240/84.jpg",TRUE,"Montreal"
"75",164,3,2023,"Brigitte Laganière","Brigitte","Laganière","L","1996-08-01",NA,"D","Montréal, QC","pwhl",26,"https://assets.leaguestat.com/pwhl/240x240/164.jpg",TRUE,"Montreal"
"76",83,3,2023,"Erin Ambrose","Erin","Ambrose","R","1994-04-30",NA,"D","Keswick, ON","pwhl",29,"https://assets.leaguestat.com/pwhl/240x240/83.jpg",TRUE,"Montreal"
"77",51,3,2023,"Amanda Boulier","Amanda","Boulier","R","1993-03-30",NA,"D","Watertown, CT","pwhl",30,"https://assets.leaguestat.com/pwhl/240x240/51.jpg",TRUE,"Montreal"
"78",82,3,2023,"Dominika Lásková","Dominika","Lásková","R","1996-12-20",NA,"D","Prague, Czechia","pwhl",26,"https://assets.leaguestat.com/pwhl/240x240/82.jpg",TRUE,"Montreal"
"79",166,3,2023,"Marlène Boissonnault","Marlène","Boissonnault","L","1997-06-19",NA,"G","Dundee, New Brunswick","pwhl",26,"https://assets.leaguestat.com/pwhl/240x240/166.jpg",TRUE,"Montreal"
"80",85,3,2023,"Elaine Chuli","Elaine","Chuli","L","1994-05-16",NA,"G","Waterford, ON","pwhl",29,"https://assets.leaguestat.com/pwhl/240x240/85.jpg",TRUE,"Montreal"
"81",28,3,2023,"Ann-Renée Desbiens","Ann-Renée","Desbiens","L","1994-04-10",NA,"G","Clermont, QC","pwhl",29,"https://assets.leaguestat.com/pwhl/240x240/28.jpg",TRUE,"Montreal"
"82",36,4,2023,"Jessie Eldridge","Jessie","Eldridge","R","1997-12-17",NA,"F","Barrie, ON","pwhl",25,"https://assets.leaguestat.com/pwhl/240x240/36.jpg",TRUE,"New York"
"83",45,4,2023,"Kayla Vespa","Kayla","Vespa","L","1997-04-01",NA,"F","Hamilton, ON","pwhl",26,"https://assets.leaguestat.com/pwhl/240x240/45.jpg",TRUE,"New York"
"84",42,4,2023,"Abby Roque","Abby","Roque","R","1997-09-25",NA,"F","Sault Ste. Marie, MI","pwhl",25,"https://assets.leaguestat.com/pwhl/240x240/42.jpg",TRUE,"New York"
"85",33,4,2023,"Chloe Aurard","Chloe","Aurard","L","1999-03-15",NA,"F","Villard-de-Lans, France","pwhl",24,"https://assets.leaguestat.com/pwhl/240x240/33.jpg",TRUE,"New York"
"86",39,4,2023,"Alexandra Labelle","Alexandra","Labelle","L","1996-02-27",NA,"F","Saint-Louis-de-Gonzague","pwhl",27,"https://assets.leaguestat.com/pwhl/240x240/39.jpg",TRUE,"New York"
"87",146,4,2023,"Alexa Gruschow","Alexa","Gruschow","R","1994-04-16",NA,"F","Mechanicsburg, PA","pwhl",29,"https://assets.leaguestat.com/pwhl/240x240/146.jpg",TRUE,"New York"
"88",37,4,2023,"Elizabeth Giguère","Elizabeth","Giguère","R","1997-05-08",NA,"F","Quebec City, QC","pwhl",26,"https://assets.leaguestat.com/pwhl/240x240/37.jpg",TRUE,"New York"
"89",40,4,2023,"Paetyn Levis","Paetyn","Levis","R","1999-11-06",NA,"F","Rogers, MN","pwhl",23,"https://assets.leaguestat.com/pwhl/240x240/40.jpg",TRUE,"New York"
"90",148,4,2023,"Madison Packer","Madison","Packer","R","1991-06-25",NA,"F","Birmingham, MI","pwhl",32,"https://assets.leaguestat.com/pwhl/240x240/148.jpg",TRUE,"New York"
"91",34,4,2023,"Alex Carpenter","Alex","Carpenter","L","1994-04-13",NA,"F","North Reading, MA","pwhl",29,"https://assets.leaguestat.com/pwhl/240x240/34.jpg",TRUE,"New York"
"92",35,4,2023,"Jade Downie-Landry","Jade","Downie-Landry","L","1995-10-03",NA,"F","St-Jean-sur-Richelieu, QC","pwhl",27,"https://assets.leaguestat.com/pwhl/240x240/35.jpg",TRUE,"New York"
"93",149,4,2023,"Jill Saulnier","Jill","Saulnier","L","1992-03-07",NA,"F","Halifax, NS","pwhl",31,"https://assets.leaguestat.com/pwhl/240x240/149.jpg",TRUE,"New York"
"94",86,4,2023,"Emma Woods","Emma","Woods","R","1995-12-18",NA,"F","Burford, ON","pwhl",27,"https://assets.leaguestat.com/pwhl/240x240/86.jpg",TRUE,"New York"
"95",147,4,2023,"Savannah Norcross","Savannah","Norcross","R","2000-06-10",NA,"F","Lynn, MA","pwhl",23,"https://assets.leaguestat.com/pwhl/240x240/147.jpg",TRUE,"New York"
"96",46,4,2023,"Olivia Zafuto","Olivia","Zafuto","L","1997-01-25",NA,"D","Niagara Falls, NY","pwhl",26,"https://assets.leaguestat.com/pwhl/240x240/46.jpg",TRUE,"New York"
"97",150,4,2023,"Taylor Baker","Taylor","Baker","R","1997-07-30",NA,"D","Toronto, ON","pwhl",25,"https://assets.leaguestat.com/pwhl/240x240/150.jpg",TRUE,"New York"
"98",169,4,2023,"Claire Thompson","Claire","Thompson","L","1998-01-28",NA,"D","Toronto, ON","pwhl",25,"https://assets.leaguestat.com/pwhl/240x240/169.jpg",TRUE,"New York"
"99",38,4,2023,"Brooke Hobson","Brooke","Hobson","L","1999-05-27",NA,"D","Prince Albert, SK","pwhl",24,"https://assets.leaguestat.com/pwhl/240x240/38.jpg",TRUE,"New York"
"100",87,4,2023,"Jaime Bourbonnais","Jaime","Bourbonnais","R","1998-09-09",NA,"D","Mississauga, ON","pwhl",24,"https://assets.leaguestat.com/pwhl/240x240/87.jpg",TRUE,"New York"
"101",44,4,2023,"Ella Shelton","Ella","Shelton","L","1998-01-19",NA,"D","Ingersoll, ON","pwhl",25,"https://assets.leaguestat.com/pwhl/240x240/44.jpg",TRUE,"New York"
"102",47,4,2023,"Micah Zandee-Hart","Micah","Zandee-Hart","L","1997-01-13",NA,"D","Saanichton, BC","pwhl",26,"https://assets.leaguestat.com/pwhl/240x240/47.jpg",TRUE,"New York"
"103",152,4,2023,"Johanna Fällman","Johanna","Fällman","L","1990-06-21",NA,"D","Lulea, Sweden","pwhl",33,"https://assets.leaguestat.com/pwhl/240x240/152.jpg",TRUE,"New York"
"104",153,4,2023,"Carley Olivier","Carley","Olivier","R","1999-05-13",NA,"D","Sudbury, ON","pwhl",24,"https://assets.leaguestat.com/pwhl/240x240/153.jpg",TRUE,"New York"
"105",155,4,2023,"Corinne Schroeder","Corinne","Schroeder","L","1999-08-17",NA,"G","Elm Creek, MB","pwhl",23,"https://assets.leaguestat.com/pwhl/240x240/155.jpg",TRUE,"New York"
"106",154,4,2023,"Lindsey Post","Lindsey","Post","L","1994-01-11",NA,"G","Chelsea, QC","pwhl",29,"https://assets.leaguestat.com/pwhl/240x240/154.jpg",TRUE,"New York"
"107",41,4,2023,"Abigail Levy","Abigail","Levy","L","2000-04-02",NA,"G","Congers, NY","pwhl",23,"https://assets.leaguestat.com/pwhl/240x240/41.jpg",TRUE,"New York"
"108",108,5,2023,"Samantha Isbell","Samantha","Isbell","L","1998-02-17",NA,"F","Thunder Bay, ON","pwhl",25,"https://assets.leaguestat.com/pwhl/240x240/108.jpg",TRUE,"Ottawa"
"109",142,5,2023,"Natalie Snodgrass","Natalie","Snodgrass","L","1998-12-17",NA,"F","Eagan, MN","pwhl",24,"https://assets.leaguestat.com/pwhl/240x240/142.jpg",TRUE,"Ottawa"
"110",63,5,2023,"Daryl Watts","Daryl","Watts","L","1999-05-15",NA,"F","Toronto, ON","pwhl",24,"https://assets.leaguestat.com/pwhl/240x240/63.jpg",TRUE,"Ottawa"
"111",55,5,2023,"Becca Gilmore","Becca","Gilmore","R","1998-02-15",NA,"F","Wayland, MA","pwhl",25,"https://assets.leaguestat.com/pwhl/240x240/55.jpg",TRUE,"Ottawa"
"112",141,5,2023,"Akane Shiga","Akane","Shiga","R","2001-03-03",NA,"F","Obihiro/Hokkaido, Japan","pwhl",22,"https://assets.leaguestat.com/pwhl/240x240/141.jpg",TRUE,"Ottawa"
"113",161,5,2023,"Tereza Vanišová","Tereza","Vanišová","L","1996-01-30",NA,"F","Strakonice, Czechia","pwhl",27,"https://assets.leaguestat.com/pwhl/240x240/161.jpg",TRUE,"Ottawa"
"114",61,5,2023,"Hayley Scamurra","Hayley","Scamurra","L","1994-12-14",NA,"F","Buffalo, NY","pwhl",28,"https://assets.leaguestat.com/pwhl/240x240/61.jpg",TRUE,"Ottawa"
"115",88,5,2023,"Kateřina Mrázová","Kateřina","Mrázová","L","1992-10-19",NA,"F","Kolín, Czechia","pwhl",30,"https://assets.leaguestat.com/pwhl/240x240/88.jpg",TRUE,"Ottawa"
"116",57,5,2023,"Gabbie Hughes","Gabbie","Hughes","L","1999-10-04",NA,"F","Lino Lakes, MN","pwhl",23,"https://assets.leaguestat.com/pwhl/240x240/57.jpg",TRUE,"Ottawa"
"117",140,5,2023,"Malia Schneider","Malia","Schneider","R","1998-10-03",NA,"F","Millarville, AB","pwhl",24,"https://assets.leaguestat.com/pwhl/240x240/140.jpg",TRUE,"Ottawa"
"118",58,5,2023,"Brianne Jenner","Brianne","Jenner","R","1991-05-04",NA,"F","Oakville, ON","pwhl",32,"https://assets.leaguestat.com/pwhl/240x240/58.jpg",TRUE,"Ottawa"
"119",107,5,2023,"Sammy Davis","Sammy","Davis","L","1997-04-23",NA,"F","Pembroke, MA","pwhl",26,"https://assets.leaguestat.com/pwhl/240x240/107.jpg",TRUE,"Ottawa"
"120",54,5,2023,"Kristin Della Rovere","Kristin","Della","R","2000-11-30",NA,"F","Caledon East, ON","pwhl",22,"https://assets.leaguestat.com/pwhl/240x240/54.jpg",TRUE,"Ottawa"
"121",53,5,2023,"Emily Clark","Emily","Clark","L","1995-11-28",NA,"F","Saskatoon, SK","pwhl",27,"https://assets.leaguestat.com/pwhl/240x240/53.jpg",TRUE,"Ottawa"
"122",4,5,2023,"Shiann Darkangelo","Shiann","Darkangelo","L","1993-11-28",NA,"F","Brighton, MI","pwhl",29,"https://assets.leaguestat.com/pwhl/240x240/4.jpg",TRUE,"Ottawa"
"123",136,5,2023,"Rosalie Demers","Rosalie","Demers","L","2000-06-15",NA,"F","Blainville, QC","pwhl",23,"https://assets.leaguestat.com/pwhl/240x240/136.jpg",TRUE,"Ottawa"
"124",137,5,2023,"Fanni Garát-Gasparics","Fanni","Garát-Gasparics","R","1994-11-20",NA,"F","Budapest, Hungary","pwhl",28,"https://assets.leaguestat.com/pwhl/240x240/137.jpg",TRUE,"Ottawa"
"125",178,5,2023,"Audrey-Ann Veilette","Audrey-Ann","Veilette","R","2000-12-03",NA,"F","","pwhl",22,"https://assets.leaguestat.com/pwhl/240x240/178.jpg",TRUE,"Ottawa"
"126",62,5,2023,"Aneta Tejralová","Aneta","Tejralová","L","1996-01-04",NA,"D","Prague, Czechia","pwhl",27,"https://assets.leaguestat.com/pwhl/240x240/62.jpg",TRUE,"Ottawa"
"127",52,5,2023,"Zoe Boyd","Zoe","Boyd","L","2000-08-09",NA,"D","Caledon East, ON","pwhl",22,"https://assets.leaguestat.com/pwhl/240x240/52.jpg",TRUE,"Ottawa"
"128",56,5,2023,"Savannah Harmon","Savannah","Harmon","L","1995-10-27",NA,"D","Downers Grove, IL","pwhl",27,"https://assets.leaguestat.com/pwhl/240x240/56.jpg",TRUE,"Ottawa"
"129",50,5,2023,"Ashton Bell","Ashton","Bell","R","1999-12-07",NA,"D","Deloraine, MB","pwhl",23,"https://assets.leaguestat.com/pwhl/240x240/50.jpg",TRUE,"Ottawa"
"130",112,5,2023,"Lauren MacInnis","Lauren","MacInnis","R","1998-10-19",NA,"D","","pwhl",24,"https://assets.leaguestat.com/pwhl/240x240/112.jpg",TRUE,"Ottawa"
"131",3,5,2023,"Emma Buckles","Emma","Buckles","L","1999-06-10",NA,"D","Toronto, ON","pwhl",24,"https://assets.leaguestat.com/pwhl/240x240/3.jpg",TRUE,"Ottawa"
"132",60,5,2023,"Jincy Roese","Jincy","Roese","L","1997-05-15",NA,"D","O'Fallon, MO","pwhl",26,"https://assets.leaguestat.com/pwhl/240x240/60.jpg",TRUE,"Ottawa"
"133",48,5,2023,"Sandra Abstreiter","Sandra","Abstreiter","L","1998-07-23",NA,"G","Freising, Germany","pwhl",24,"https://assets.leaguestat.com/pwhl/240x240/48.jpg",TRUE,"Ottawa"
"134",145,5,2023,"Rachel McQuigge","Rachel","McQuigge","R","1998-10-08",NA,"G","Bowmanville, ON","pwhl",24,"https://assets.leaguestat.com/pwhl/240x240/145.jpg",TRUE,"Ottawa"
"135",59,5,2023,"Emerance Maschmeyer","Emerance","Maschmeyer","L","1994-05-10",NA,"G","Bruderheim, AB","pwhl",29,"https://assets.leaguestat.com/pwhl/240x240/59.jpg",TRUE,"Ottawa"
"136",101,6,2023,"Alexa Vasko","Alexa","Vasko","L","1999-02-07",NA,"F","St. Catharines, ON","pwhl",24,"https://assets.leaguestat.com/pwhl/240x240/101.jpg",TRUE,"Toronto"
"137",126,6,2023,"Samantha Cogan","Samantha","Cogan","L","1997-07-07",NA,"F","Ottawa, ON","pwhl",25,"https://assets.leaguestat.com/pwhl/240x240/126.jpg",TRUE,"Toronto"
"138",65,6,2023,"Jesse Compher","Jesse","Compher","R","1999-07-01",NA,"F","Northbrook, IL","pwhl",24,"https://assets.leaguestat.com/pwhl/240x240/65.jpg",TRUE,"Toronto"
"139",72,6,2023,"Rebecca Leslie","Rebecca","Leslie","R","1996-05-08",NA,"F","Ottawa, ON","pwhl",27,"https://assets.leaguestat.com/pwhl/240x240/72.jpg",TRUE,"Toronto"
"140",75,6,2023,"Sarah Nurse","Sarah","Nurse","L","1995-01-04",NA,"F","Hamilton, ON","pwhl",28,"https://assets.leaguestat.com/pwhl/240x240/75.jpg",TRUE,"Toronto"
"141",66,6,2023,"Maggie Connors","Maggie","Connors","L","2000-10-22",NA,"F","St. John's, NL","pwhl",22,"https://assets.leaguestat.com/pwhl/240x240/66.jpg",TRUE,"Toronto"
"142",127,6,2023,"Jess Jones","Jess","Jones","L","1990-08-30",NA,"F","Picton, ON","pwhl",32,"https://assets.leaguestat.com/pwhl/240x240/127.jpg",TRUE,"Toronto"
"143",100,6,2023,"Natalie Spooner","Natalie","Spooner","R","1990-10-17",NA,"F","Scarborough, ON","pwhl",32,"https://assets.leaguestat.com/pwhl/240x240/100.jpg",TRUE,"Toronto"
"144",73,6,2023,"Emma Maltais","Emma","Maltais","L","1999-11-04",NA,"F","Burlington, ON","pwhl",23,"https://assets.leaguestat.com/pwhl/240x240/73.jpg",TRUE,"Toronto"
"145",128,6,2023,"Kaitlin Willoughby","Kaitlin","Willoughby","R","1995-03-26",NA,"F","Prince Albert, SK","pwhl",28,"https://assets.leaguestat.com/pwhl/240x240/128.jpg",TRUE,"Toronto"
"146",89,6,2023,"Hannah Miller","Hannah","Miller","L","1996-02-16",NA,"F","North Vancouver, BC ","pwhl",27,"https://assets.leaguestat.com/pwhl/240x240/89.jpg",TRUE,"Toronto"
"147",76,6,2023,"Blayre Turnbull","Blayre","Turnbull","R","1993-07-15",NA,"F","Stellarton, NS","pwhl",29,"https://assets.leaguestat.com/pwhl/240x240/76.jpg",TRUE,"Toronto"
"148",69,6,2023,"Brittany Howard","Brittany","Howard","R","1995-11-20",NA,"F","St. Thomas, ON","pwhl",27,"https://assets.leaguestat.com/pwhl/240x240/69.jpg",TRUE,"Toronto"
"149",125,6,2023,"Victoria Bach","Victoria","Bach","L","1996-07-12",NA,"F","Milton, ON","pwhl",26,"https://assets.leaguestat.com/pwhl/240x240/125.jpg",TRUE,"Toronto"
"150",71,6,2023,"Jocelyne Larocque","Jocelyne","Larocque","L","1988-05-19",NA,"D","Ste. Anne, MB","pwhl",35,"https://assets.leaguestat.com/pwhl/240x240/71.jpg",TRUE,"Toronto"
"151",133,6,2023,"Lauriane Rougeau","Lauriane","Rougeau","L","1990-04-12",NA,"D","Beaconsfield, QC","pwhl",33,"https://assets.leaguestat.com/pwhl/240x240/133.jpg",TRUE,"Toronto"
"152",68,6,2023,"Kali Flanagan","Kali","Flanagan","R","1995-09-19",NA,"D","Burlington, MA","pwhl",27,"https://assets.leaguestat.com/pwhl/240x240/68.jpg",TRUE,"Toronto"
"153",131,6,2023,"Olivia Knowles","Olivia","Knowles","R","1999-01-24",NA,"D","Campbell River, BC","pwhl",24,"https://assets.leaguestat.com/pwhl/240x240/131.jpg",TRUE,"Toronto"
"154",74,6,2023,"Allie Munroe","Allie","Munroe","L","1997-04-20",NA,"D","Yarmouth, NS","pwhl",26,"https://assets.leaguestat.com/pwhl/240x240/74.jpg",TRUE,"Toronto"
"155",67,6,2023,"Renata Fast","Renata","Fast","R","1994-10-06",NA,"D","Burlington, ON","pwhl",28,"https://assets.leaguestat.com/pwhl/240x240/67.jpg",TRUE,"Toronto"
"156",130,6,2023,"Emma Keenan","Emma","Keenan","L","1997-11-26",NA,"D","Calgary, AB","pwhl",25,"https://assets.leaguestat.com/pwhl/240x240/130.jpg",TRUE,"Toronto"
"157",132,6,2023,"Jessica Kondas","Jessica","Kondas","R","2000-01-03",NA,"D","Calgary, AB","pwhl",23,"https://assets.leaguestat.com/pwhl/240x240/132.jpg",TRUE,"Toronto"
"158",165,6,2023,"Maude Poulin-Labelle","Maude","Poulin-Labelle","L","1999-11-23",NA,"D","Sherbrooke, QC","pwhl",23,"https://assets.leaguestat.com/pwhl/240x240/165.jpg",TRUE,"Toronto"
"159",70,6,2023,"Erica Howe","Erica","Howe","L","1992-07-17",NA,"G","Orleans, ON","pwhl",30,"https://assets.leaguestat.com/pwhl/240x240/70.jpg",TRUE,"Toronto"
"160",64,6,2023,"Kristen Campbell","Kristen","Campbell","L","1997-11-30",NA,"G","Brandon, MB","pwhl",25,"https://assets.leaguestat.com/pwhl/240x240/64.jpg",TRUE,"Toronto"
"161",134,6,2023,"Carly Jackson","Carly","Jackson","L","1997-06-23",NA,"G","Amherst, NS","pwhl",26,"https://assets.leaguestat.com/pwhl/240x240/134.jpg",TRUE,"Toronto"
